id,country
da2fe957-db83-46b0-862d-61e882623ca2,CA
5b97f874-2e04-4fb9-bd0f-3301f6d10c4e,MX
3ef0cdef-9729-4ae3-b2b0-9e948e649b09,MX
366215fc-aa00-4bb8-b4c6-8ce99f99711c,MX
ddc6a9f3-e3b8-4ab4-81f8-29035bfe8573,US
ae9b439c-5ccb-4437-904a-5ca3fef891e6,MX
2c50f21b-bcc8-4a0f-b19f-67df201dc1e9,MX
97da2482-e39d-4da9-8c78-da39213174ab,CA
fed25eed-3e9c-4413-85b9-f81207e29fc7,MX
b42e1064-5905-46ce-aee5-b8e3b6e0c557,MX
bdbba356-c2ef-41c4-a507-bcf16ed51695,CA
bb9ecff7-bff9-4193-8bce-0c53e739f6a6,MX
6644c0e4-c25b-4074-92c9-8d830d8efd45,CA
cc91c324-5ddc-4170-9650-e78749ccccef,CA
ee4f6db0-a2b7-431c-948d-fe4845b9fc71,US
06982c6b-df6d-4d08-a5c4-7c58c9875892,MX
a009b1c6-ef9e-47d8-82e4-841be5d36671,MX
0dec8d01-a5f3-4742-b80c-9e8e1f082401,MX
04a7ff43-cef8-4504-b337-5bb034c1debd,MX
bb9b94a6-2320-48ea-b284-434c6ae064bf,CA
3d6dc1c5-db8f-4a34-81cc-40d29c209830,CA
2a3f8232-8628-45a6-be3a-ec4fbfa2b085,US
43640b5b-fc6e-42b9-9491-8201bbb60ba2,CA
ce857e3f-8db8-4857-aed0-358559a66d35,MX
a0cb0e04-a7ed-49b1-a8a2-579a0f8fa704,US
14e555c3-848b-42e9-983c-26ef90b055f9,MX
765298c5-0df1-43f4-a8df-b013704b5015,MX
5893e36c-7186-4864-b285-4ef8d4cf3484,US
6b27404f-d228-4416-8817-7059fc075692,CA
6cfe459d-9783-4aac-b272-543408c13328,MX
a0b67350-b207-4982-af0f-ad41dde47da5,MX
94ef4496-3039-43c4-9658-87c0a8daa3ce,US
16fd4a17-8a1e-434c-8cca-f678e3738dbc,MX
4bec68b9-bf98-41a4-8295-2daaad2e1999,US
08265b1a-996b-4b80-a698-1a8aa5c9cff5,MX
dce59e8a-d113-49ef-ad29-9eb5f5478552,CA
19fc8295-8290-48b3-9db8-fb69530b96cd,US
6c679912-39a3-42bb-b461-e77d561f38e0,CA
85bb9182-26b0-47d3-84fc-f5056d1e8952,MX
f6c5fb62-5bc7-49f0-a07c-18309e6c7334,US
582458ea-81f5-4dd4-9826-cd2fcbec5f5c,MX
352b5035-0af7-4d18-9bd9-bc2d56b5d0a1,US
e554588e-bd29-4cf4-b838-3e8341e7456e,CA
d4f67909-e6cf-4c72-9f56-cbdbb71054c3,CA
93d40adf-e3db-46ee-a325-e39c90de646c,US
3b677f85-d0c5-4af2-a56a-3746ff8aa633,US
cf54da99-4b2a-4f1e-a7d5-d3f2f5303fd7,US
b59d6e36-a8c4-4e08-89fc-8a4a4ba5c39a,CA
b39bf1a6-91bf-4039-a57b-090de9157d7a,MX
ed03d835-0eda-4f64-bb8a-6b901058bf39,MX
1e5f4823-68d4-42b1-aa2b-08f7c46d35bd,MX
8f8683e3-daf5-4bc7-8a5d-f086b4fa489b,US
e1e80646-b094-4492-88ba-e05ae30800a5,MX
999008bd-52a9-463c-b732-694ccdc857a7,CA
e39f3759-037f-4907-b763-e219aa2527de,CA
e9f7b717-0668-49b6-912e-6b95fede2447,CA
740cb2d9-793c-4eb7-ad4f-613480a21275,US
c0c688c8-54ef-4f54-975c-9e3424763587,MX
2b557aea-55a0-47b8-b757-13177be943b6,CA
81891428-0a05-4a0f-8852-b210e1df9fa8,MX
4130ff04-2378-4105-8fc8-b9402ad95514,US
c51b2e0f-8a70-46dc-83e3-3c8a1479795c,CA
c418cb32-ebb4-480a-afd3-8c0ee5b21160,MX
c8eda641-1002-4dfa-aac6-fa67d3e62072,US
10dbf5a3-e78e-46fc-aa8d-cfa8842901c9,MX
c2c6bdc5-11c3-482c-9faa-e83a6f9ccf83,CA
9d89f974-058c-404d-80f8-08daa688663d,CA
066a759c-6457-48fa-84ee-480c38b9540e,MX
c07364f4-fdb2-41ba-ad58-94be8fbed05b,US
f3ac461b-5590-4953-9246-c892c76bb01c,MX
55862321-c54d-4cb3-98ba-041159cf0212,US
3f0603c8-e9f5-452b-88ab-50627bc248cb,US
0a7b9986-d389-44f4-865d-c2e654ef447d,MX
329b63e4-9532-41d9-9ab9-ce0a8974a5d7,MX
02d8f985-2e91-4bcb-9bec-b714e95c04ed,MX
982bec43-5dc2-49e5-8eef-85d5a607e593,MX
f9cdb4b7-8b1f-4e64-9c6a-902e12ac66a6,MX
ee349dd9-df7d-42f1-8785-552b44363da3,US
82f6a902-e1cf-40ee-9383-30af2309cf46,CA
0cdea459-fa3e-49e8-9ef4-dda6584e43f9,CA
1ef2a68d-b975-4fd9-b246-4e543a63179b,US
4bd56a33-8fca-41e7-9249-ed47eb233dd4,CA
fd1b3a3e-2ca5-47ba-8574-5872fa61213c,US
513c3661-89a3-4a8b-82e1-4138a46dbde3,MX
fe41956f-eb5c-4c63-9773-4ecf3922fbef,US
bcc894e2-1133-44b3-a1bd-9cfb06954faa,CA
25ac3a58-cdbb-4d73-8e8f-0e5df537545a,CA
2c90277e-c19b-40f4-b71b-7223a079a3bb,CA
e8702fbb-fb73-4895-8959-a044d787628e,US
6c7b942f-17c6-423e-8ae0-d9f3bcf059f1,MX
60bae496-6df3-4d90-9e16-8a8634f71930,CA
2d64f517-e934-4b99-bf61-b0121645bc88,CA
f476bf72-5508-4c78-8fc5-a4bb1fe7b77f,MX
baa9e133-7a34-48e1-a948-14991afccede,US
440359fa-cf11-4afd-b8da-fb0314f8a7d7,MX
9618333d-4916-4e16-968e-89a1656beae2,CA
50d3237e-a848-4611-8368-3274b6b4a3e8,CA
cca922b7-a19d-4b34-bb63-40e22cf80ada,MX
929e8633-6e59-4038-b0a3-0f02f545b396,US
d072b0f8-de64-4085-b7b3-7c36ae5ec7eb,MX
02ebb3ab-4e26-49e8-852f-f3ecc87b7308,US
012dc7bc-183c-467d-a14f-d24384f486e2,US
e7ae491a-626d-40b1-beab-962d345b9393,MX
67c7fcc9-acc5-4c4d-b768-da63ca3adc78,MX
55329306-aa1d-4b4e-9dd0-20ad85f88fae,US
544b42c7-319c-4987-879b-d5f4f0f905a8,CA
7b292f2c-72e4-4398-9aaf-fc0bcacfca2c,US
13fa06ad-026e-49b6-acf4-d13cb8a49ce5,US
7825cc42-395d-4c89-b625-5d0232b128e7,MX
45194855-7f9a-4b40-9f45-ef6669bb767e,CA
0afc9bc9-98d0-41ca-be87-844245df8ecf,CA
0fcfb299-879d-46eb-9363-1c029b7a8871,US
c9e507aa-0fa1-4dc3-93cd-42b14f062415,US
1887b778-5f0d-40e4-890d-6ae2d29c23dd,MX
fe7eb491-6484-4ab3-8355-12a63248dae2,MX
dd6a96fc-964a-47fe-9fc3-2c49b271f21c,US
46718e78-1307-438a-b124-ce5565230298,MX
d77d8fa3-162f-4b63-a1d4-d145321f4b89,MX
068accbb-7a7f-4775-b35b-72da712d741b,CA
c0bf8121-cb6d-4820-806a-1ab27ed6dc86,CA
1eda7417-6334-4583-a8a4-6ad24c5a1ae3,US
ceb490fa-59c1-4a24-97f8-e4786b4a37f4,US
77ff3755-1c26-4f87-bc0b-8d07cffc8742,CA
1550e808-a826-4012-bdfe-63df9efc0ae4,CA
51c68ca5-b37f-4b9e-b9ff-fcf615b48d26,US
a5faed6f-83a2-46ac-ab89-4876a72fcff2,US
3e573363-1ff5-47aa-b509-7870620e6cc9,MX
b6d9dfc3-0f55-40a3-8784-d1a07fb2252d,MX
565f66fd-7159-4de6-9405-c82cdb585e61,CA
d32f53c5-820f-41ae-8556-b3b14f935c5d,US
391faf35-44af-4f53-86b5-edbfda496cda,MX
55f3ccc0-3a6e-4446-92ca-ebbfe84f9a24,MX
f2c684d8-e22c-4cf3-9600-ee8504c2b7f2,CA
b323dc65-4b81-4bfb-9f7a-5b7f37778d58,US
a9ab1369-d7c6-42d0-8035-1b1b9a18915b,MX
904dc4d9-c9cc-4a00-97f7-dd01cff67e0c,CA
6ccf78e1-2c39-4f93-a1f4-4af8a86269f0,US
39487032-558d-44de-a354-68ff08107fa0,US
7c02f945-1501-44ec-9d9a-2704d2461729,CA
1e63ec9c-e935-450e-97ef-efa8245ff2c4,MX
d91220b3-3be3-4e81-9456-1d46137d89e6,MX
70633b6f-47d1-486e-ab68-82975f4dcdfd,US
ca389851-da71-4113-bf17-9025866a13c3,US
9372c081-d630-46f2-9e6d-6d1f54b6fa35,CA
308194a8-84f3-442b-bab7-f4d4b7ec426b,MX
8605cb18-0831-43bb-8e90-4bbee214dfa1,US
78afc6cd-b8ec-4323-953c-b81d851ef3e1,CA
72d0c8f1-bfdd-4861-9827-9760d2cfa875,US
bb17d1d5-c27b-4923-bdf0-e132b574bd2a,MX
ffecab8d-ceb5-4bc8-afcc-21f4fb69a3e4,US
5d02e9fc-e6af-47dc-828f-7c615a743371,MX
f8952d62-f381-4351-848e-27dc321bcfdf,CA
1ec7d271-f5e0-405f-a82c-94d9384bad25,MX
c0599024-1e06-4b54-b595-b2954c1232dd,US
a5554c20-dca7-4048-97ec-4124a5c2ec0e,US
f1b79bb6-27ae-4c8f-9396-6aae27368bf3,US
8b840ef8-9e5a-40a0-a567-6f0935d43c9e,US
5aede6cb-b071-48d7-a75d-17e58080b47f,MX
d3e4c4b7-9165-4ffe-b506-89a5adebac44,US
a20882db-f980-434c-be08-2e24d6641fe2,US
097001c5-5816-4ffb-afc1-f05df2c77de3,US
553acb66-d3b1-4ece-851d-13ae49f551f9,CA
9fecedea-30ac-43d0-930c-59a5a435ee60,MX
e54d6c7a-d4d3-4601-84ed-06c863f7fbb1,CA
8a5bf2c6-6eea-43a8-9f2c-5c03002fbad4,US
fcd2de15-400e-4fd0-8348-3097365b599f,US
8bfba62a-da30-48a2-81de-5aa51c4cf4e3,US
8d216a6f-754a-4b3c-a41c-37b4ab976681,CA
0a6b3d5b-b7f3-411d-a59b-f382b68ea2ce,CA
d38502ae-a2ac-4a2e-ac2f-ae82e3ddf2aa,CA
635686e4-f76c-492b-8278-c2f275a29b56,CA
edfd028d-853a-4509-99ce-b416e96779a2,US
a14b4620-83a3-4130-9609-e925a2e30397,US
5ebc848f-d033-474f-a8d7-2060f6069bc3,US
246fe51a-edf2-42ab-b7aa-fb78ffaa7355,MX
653e0de1-a8dc-4db5-894a-9b51954f9b20,MX
846430e9-12e5-40a0-af2c-9aafd7fa5650,MX
5743a3a5-931b-4d1a-bef1-f560cdedbfb2,CA
97709a5a-fd12-4dbf-81e2-c1f894475a59,CA
3ef5319b-6713-4c96-8084-6c6729b22e59,MX
7c5ae6b7-4733-4cd6-9e0e-8043f0379ed9,MX
dca81ebf-11bd-4a1a-99db-4c26cbfcb7a4,US
342a7650-3188-4b46-ba55-167f5196206f,US
da8fdaaa-eef6-4390-8fd7-35b3ef183528,CA
3a7df4fe-edeb-4944-80c7-09c11baca46b,CA
189c0695-fa0a-43b9-ada6-a1697f8557db,MX
a91e9045-b62e-4fb4-8964-84210489ab31,CA
9c2b9ef7-6a7e-4a4f-a86d-9293484d4ed8,MX
9f8d964c-0951-4002-b330-eb5734e7571c,MX
ede03cb0-5b3f-40d3-8cc8-f2c6ae19bda5,US
200f4cd0-863e-4263-8d0d-5740848a39ac,MX
09e29670-bc3b-4d8b-8e7c-1f9432e48260,MX
8e4114dc-1d12-4afc-b5dd-dc1396592fa7,MX
914a1ed9-8b60-4bf5-bbbc-2dad7c3092c7,US
d50a11ac-1e2e-430c-a89f-6c49fbcfe343,CA
d8375dde-6d6a-441a-bf8b-93de995ef9b5,CA
26dcf4d7-7c9e-49d2-a82a-13e0ed2cfcb5,US
e702e382-7b48-4cd8-a81c-f802fb33850e,CA
18ee88eb-9a67-4a4f-8e18-57eca9142b3e,MX
20a17a5a-dae6-4f35-a32a-f2876f07bfbf,MX
7ae57573-d9f5-4acd-bb94-de4c3c54a6f2,CA
e3b9260a-221f-42fc-a7a2-f7a4e8d63637,CA
839ae562-2956-484b-a999-d314746e460a,US
a8a0fdfa-cb4e-4fa1-9f63-6a9b42d6f71b,MX
3d1f3f29-9a05-4b2e-8ff5-545a40c83599,US
3ddc4020-792a-49cc-997a-937f2ad0b553,MX
90ef5884-25de-4347-81b1-4bae4673534e,US
48880899-cb7f-4dba-8d70-e0a2b186730e,MX
a1de6663-8365-437a-b489-40d019216a24,CA
b71c7856-be42-4361-b205-4c508c83179a,MX
c92e1c82-d4fc-4f38-9084-675090a5b319,US
f0347cc0-78d0-472e-89dd-8460a019b455,US
ed14e102-ee56-4f27-a10f-6a13d17cbb88,CA
1e5e6ab6-b28e-4172-affe-636feeaf6c38,CA
4e0dadd6-402a-40a2-ad0a-17cde890de62,CA
de9e2924-26db-42d7-bc01-cd9ba2d63c19,US
350134fc-c6fc-4a47-9fd6-3a350972c828,US
4061de3d-7089-4105-9c6f-a35d8fb249ef,MX
9b2fb36d-ccb3-4f40-85c7-3100b5e654fc,US
7c709504-21af-4ecc-a5ad-04c069826c89,CA
8376b1d0-df2c-47c9-a359-d6842299889c,US
1c9049c3-d18e-4168-ae30-7ff017b9d051,US
afe62206-d65f-4139-b6ea-6232ef3fc5c0,MX
feceb4a7-a725-4875-9755-3d2797f18a04,CA
17478b50-3fed-44d2-b581-9135065bf36e,MX
d9f0d90b-57b5-414d-962f-c79dec2a1fae,CA
2a6fe574-e8ca-4b19-bfaa-7cef99be78dc,US
971d850c-b226-4da6-9da8-4ffd8a09931c,CA
3198d2a0-be56-4fad-b2a3-130dd15b1206,US
eed6ee37-b782-4832-a98a-1d37e214b296,US
13bd7c78-19cc-4247-9fcb-6ac409b4b186,CA
af53fb4f-423a-4879-8a4a-d3fd7e1f3e44,MX
e7b21035-d8f8-47d4-86bb-dc91491b2f3c,US
23d6c204-1e6d-4c30-9548-e503448ed180,MX
d611ca92-79e6-4720-83a4-28c75613f8b6,CA
37de9177-7ab7-4edf-8d28-f722cc353f81,MX
d19e6e5e-5b9d-489a-9caa-35a8e6fae7ce,CA
de2c83c4-3b97-4db9-873f-38156dbb3eef,CA
9159611e-6888-4558-bbce-260978006b6d,MX
1708319f-dcc2-4cef-b0af-e3822fdb71ea,MX
c9b7b4bf-dad1-480c-9e92-81e59596303f,MX
47225d22-1a44-4a0b-8c3b-ffb474c3162d,MX
8ba6c607-8798-4d7c-945a-f80a83acbf35,US
5e5079a4-449f-4511-96ee-f2da636f9450,MX
cfab1005-9cb7-4a04-92f5-50a6a1dce14c,CA
6ef0608b-8f1b-491c-97b4-6bad62c2168c,MX
6f9e105a-667e-4ddb-9521-9572c137b15c,CA
b482f0e7-7889-4dad-972f-123a27fb8035,MX
260a9598-eeee-477f-b1e1-bb270cae17ea,MX
92a90390-cd00-4221-8f02-62ef8ad522e1,MX
99aed864-2311-48f2-81e8-4f15a86bda0a,MX
acff5e4c-9062-4b42-801e-649de774b3c1,US
c2aaa6c4-c121-43ed-80de-b6358fa07196,MX
87f2232f-a306-461d-8694-d0d7c69aa861,US
128522c7-c210-4504-b888-7359f80df00f,US
21399526-f738-4b22-8e19-b6aa0fb7090b,MX
f236f358-7d1d-4a40-a883-6821d2cc5f6b,US
f19e512b-4ca2-42f3-9892-e34e04cef66d,CA
73f0a231-6df6-444b-9f5f-9f00070a0250,MX
f1d4892e-f02e-4066-b0cc-11ef20835121,CA
93142fc3-d1f0-4290-98b9-353dd992aed0,CA
82552fbe-5121-4929-904c-1e76d2f5460c,US
1061bbf5-8ecd-427f-8cdb-c30c6434227a,US
47a55113-9ee5-4bba-9820-04a0a7b869c7,US
c8c61d27-f621-4e13-837c-48e62ce9d562,MX
0ede4023-9577-4bf3-a72f-0b9d525a8cfc,US
908ff93a-9a37-4830-96f2-8be7394c01af,MX
183b5344-954a-40de-af6a-db6f8e561652,MX
e9b0dd16-b623-4871-8c4e-592b26e75411,US
254b8a56-0af5-4889-84b3-17489588fe26,CA
e26097cc-f036-46cd-b8dc-901c660476b8,US
0561c7b8-dd87-44ea-9ff3-a8618dbe660c,CA
02a0871c-a9fd-443c-808b-13424673168b,MX
db26a5b5-f943-45aa-be4f-c540d18ce565,US
95bf6401-1b4d-4775-b904-708154294495,US
902c56c1-a049-40e7-9ac0-b3de022997cd,US
f60f8c78-33bd-4dd7-b9e3-ba80bb676019,US
2d4764da-bfa6-402f-9d2a-d31feac33a60,MX
9fe6de19-3089-4d3c-a595-d97da4eef768,MX
a41311e4-cc01-41aa-b00a-e34871b9dfc9,US
7c852f54-eece-43a6-bb17-6748dc6ca740,CA
f0e7cd10-424f-4b39-a757-ed426a55e114,MX
1277ff2b-2c81-4760-81c6-46acb685ee23,MX
db613809-c644-48b1-98ea-09f79e880909,US
73f9de16-5fa7-4291-981e-7c1dbdbfd578,US
07b8039e-1a6c-4d28-8b6f-6c9018ec7752,MX
4696589e-2e57-4f4c-9a6c-d8fbe619262f,US
249c95e6-b865-4f16-a123-315ff24e95dc,MX
fad2d2f7-c1fe-4580-b5ad-88cec60c2373,CA
cd122bf9-a9a5-422f-90fd-44197c61eab0,US
6b51ef2f-6d51-4744-b8e4-f4d5482bfe71,MX
5dd09839-65fc-4cce-bc36-322dca053dea,US
eb8eaed7-187a-433f-a13d-cd54458baf08,CA
a1873588-3aeb-40d0-bd32-96ab4fbbaae0,MX
12ce1a00-d2e8-4602-908f-fcac0aba5e4c,CA
df168bec-e506-4f48-a733-4dbf06c5f6a7,CA
230fc4ba-c749-4e47-875d-7810667e798c,MX
999fb406-6d8c-4479-b725-7baaa6eacc7f,CA
1c6e687b-851b-45dc-afa2-04fbaa6a80dc,MX
7421000e-bd73-45d1-a868-cf3ad7c48af5,MX
f806f5d5-a747-4e98-ae10-70b1d5454a9e,US
36994338-52c5-4383-afba-78bc315f4ca3,MX
c49c45b7-f130-40b4-a9fb-1f47ac7f5d08,US
cb6a99bd-3216-403f-bd31-6b5183df3ac9,US
c07b2df2-298f-4ccc-8f5f-07940223c69b,CA
923a04e6-4703-43e5-893b-72d5be72414b,MX
e2ea407e-f5d9-4026-9d95-ebce31c44ecf,CA
e96b06bb-da24-474f-92d9-7490fc162ec2,US
003b93a6-44f7-4e46-9722-2cf684c01985,CA
504bea4b-ff65-40e2-9424-8408112d4030,US
4bd87d9a-8e61-431b-99d1-c1e4b11c205d,CA
a11f7479-57aa-49f5-8024-72378046cdc0,MX
d1f62c26-8d05-422f-ba55-60269a85c5a6,US
8fca64fc-1d4c-4d56-944c-964980fb92e0,US
08ffe506-81bc-4361-a085-75e13ca5339b,US
b18dfe3a-6376-428a-8d88-b607a7bb44a8,CA
22b63090-dfa8-410f-b993-6ae1ec596dca,US
9bfe8674-bc4d-4f19-bbb6-c091d385a971,MX
12fccffc-c62c-4fd6-8efe-955339f811ad,US
b74f95e6-a692-4fc5-8b74-504a9518bffb,CA
7ce93940-f839-4bbe-a3d2-2e20246fe885,US
db164115-2094-4275-bdd3-71576d0d9d04,US
128fe93e-4933-40c0-8e3d-d110cb31b833,MX
908574b1-1d5a-4068-899d-fe6a477f9456,CA
3bc88168-8235-42c8-9d7b-d9426e13102e,CA
1f8f51d0-495f-4706-ab2a-36333f1b28b2,CA
294780fe-16da-4230-a08b-9d093827cbbc,MX
e2745254-d692-4881-a215-43131f177ca3,US
dd061ec1-3ffb-48bd-8ddc-f30d591296e0,CA
5cf04363-54dc-4728-ad5a-38c3c36867ac,MX
415e9b00-015a-4ead-9ac1-be21efa0f79d,MX
e843597b-44c2-4d7e-a70f-8620aa328584,MX
36438e43-f00d-4a55-a6cd-17f5cdb15158,US
d703044a-2745-412a-bf02-7f5fe1e73ed9,CA
770a825f-6ae9-4f79-8a38-cddbe2e6cd44,CA
e55cfebc-88a7-4d1e-835e-17a4429c3b30,CA
fdbd933f-68d8-4898-a07e-b5d180a720b2,US
8b6f8fc0-d197-43ba-92fc-417031c13e37,MX
42f1c06a-61eb-49f6-a503-4d6145872c7f,CA
3242c6cf-5ce7-4ff7-8da2-327ecad50e04,US
9ef6fc41-6a07-4875-9f48-4c8e3ea2b871,US
c59c045c-f455-4051-a384-67eee05b438e,MX
cec01596-831a-48e6-a2df-23f5fef06e2a,CA
2977b248-8ce0-4c44-9b7b-3b45ba120079,MX
02931303-e05c-43b5-a2fd-66ec32666b00,MX
fb764d1f-5a13-41de-9964-0f25502e6460,CA
71f57aa4-ade2-434d-9d35-0f15d5d248d1,CA
b3468fb5-6023-449b-b56d-123952e6e74e,MX
c0df8c70-9986-4a23-b844-e75c586755af,MX
20701e91-d85e-4085-bc82-00f2951f67dc,US
a2d5bffc-31e3-441a-9f4a-ef0d69894718,CA
38127864-5c5c-4a70-864a-8f619fc102c6,US
cd3a5745-0a9b-4ca7-891d-219a21fe9e1c,CA
05cfd4ba-ea00-4c0a-b22b-412dde44c613,CA
5bf2f935-d830-4fd4-baf9-cecf28cc9db7,US
3950d078-e064-480c-8d84-5cd0cbbd5f90,CA
a79ebbef-0042-4d28-b3dd-8a5b3a6acbbb,CA
8f92851e-fd48-4acb-897c-52b7a268db87,MX
156325be-d29d-49f6-a897-f870bf412a66,US
95f3b21d-0e20-4ca3-bf1e-e4ec5f4e673c,CA
f78969e0-9129-4f6e-9e21-ffa34ced7f26,MX
fd2dcdd3-5966-466e-981f-d9ed94fc3c16,US
0eb363d5-1dca-4fea-a4a9-1b830f512ddb,CA
79a406e2-3989-459a-ae9c-c16a8fdb67aa,MX
d1fbb97b-82a9-4586-b2c5-18800b33f3cb,US
9000b7cb-59d3-4f60-9502-cc8fcf3d0823,MX
0f4fee5f-47fc-48b6-b2fc-12716a0c82da,US
dec19053-5193-4659-b7ec-54ada96dd41a,US
2340ac5c-45c0-41dc-b094-b5ce44654b4f,MX
c5f76997-f245-400a-b1ff-87937137ebfc,MX
5d9e8425-6b33-4911-bed6-5aa53ffbf106,MX
b424cc6d-560d-4d45-bb76-c793b53769b3,CA
bafa6260-5613-4199-a89b-95ac119890be,MX
cb69ccb2-b384-4160-b13e-56700f938f4a,CA
cdf67fc7-7944-4d59-a2a8-7f5e152b17c9,MX
fd474fbe-826a-47e7-9cda-5e09e1656dc9,US
932b5d35-c88f-4bdc-afaa-5dc4899d6a00,CA
72eb1758-445d-47f8-8287-827f52617f11,CA
023b5389-bede-49d7-bec9-f0557bdd6838,US
7823afd4-13c5-4137-a66a-94dde570e1f5,US
0c14b785-7b6f-47bb-87d9-b3c2067aab5c,US
d8626274-52c4-4373-8e4f-7b9feef89667,CA
17aee6e5-7503-455b-bf2a-fe23a96056f7,US
7b514dbd-5d65-4b98-b5de-0c7624899a63,CA
fc6f77fa-df73-4aef-85d6-4318b01bfe24,CA
909ed88e-e4c8-4f31-a494-4b727053356d,US
6afd2fbf-c1b8-451a-92ef-1114780c4645,US
6694bea4-14f6-4f69-a8fb-656df1b6a995,MX
85323d97-60a2-4af1-921f-3b7ba45155dc,CA
d68409b1-e35b-4cfc-8fd9-95d77f87c9c8,CA
fc1dd77c-8643-4716-9f9b-f11e75ad7a6c,US
848e6966-4e86-473b-946c-3d03dc932b9a,MX
262a91e7-5bc5-406d-86df-205018d0f27a,US
dadf0596-0ea1-489c-818a-30acbbf6dd92,CA
f6174132-7223-4e08-b053-50a83c875795,US
90a5d82e-f5c1-42f4-a071-b6d1e8a9a633,CA
e25590fe-2a51-425d-a32b-2af7ee4280ee,CA
35e4bb86-d0bd-4beb-b44c-1400f9163b69,US
a21e73df-4a37-4192-aac5-299e3edf414d,MX
bb4fedf2-9492-4833-b746-1429c3d34074,MX
792dd428-2e75-4e45-a3cb-c3c7e7bd9212,MX
19cf2d19-8685-4ed3-ba97-c252de18cf7a,MX
5e09c894-aa81-4d3d-a08a-61d4e35709b8,US
a5d0fadd-f4fa-4320-a3ab-1008b29c1381,US
0fca1b4b-4bd1-4e51-8e18-8c46427709f4,MX
071a6b9a-4251-4b67-9052-eeec11a2c823,MX
914a80d1-b107-4b22-813f-4946cbdd79f0,CA
a7839941-3d0e-46f2-877a-08cc3e2ea46d,CA
5eac20f4-43b6-418a-a1e7-157f0850096a,US
2b92950c-c2bc-4200-9f76-11cc0bb6bf83,CA
57c4120c-05ad-4ab7-9060-dcf19c7ef126,US
df6c7fb5-e021-49b2-8e83-dd93048a42ee,MX
5d492048-aaff-4ef8-8d61-30dfd0fae593,US
4a406446-1222-4538-906a-358ca8234244,MX
beec724a-565f-4748-b145-00c19c6956e7,MX
5d5806b6-c748-4e69-a20f-aef76942d03f,CA
2369f396-e80d-4565-90ad-9485c9e17f83,US
ed540903-8bf9-4944-a745-e691fb18fe62,CA
6aaa30c2-5f16-4025-8d25-b882ac905d4c,US
1c26969e-745f-428b-a206-bcfac49c215d,MX
355095f5-e390-4d1d-bd49-fa024b79b864,MX
f13cfc41-ec27-42fc-81e2-ad3f6716cade,CA
cef33746-93cc-4f99-9150-7890d794d6c4,CA
6c419c88-99d6-400f-8a30-213f1f85d4f6,CA
c3283add-e722-4a67-866d-b6682e15a088,CA
d7a4017c-3d44-4d28-bf1f-cd5f4fb3afbc,MX
50162402-ca77-4fb3-b186-4dff343d321f,CA
4f905664-ef96-47b7-9ea8-58a8c4b53b05,CA
90d9b4b4-502c-4ad3-a6b8-d688afbe62f9,CA
538ca168-ecba-4b9a-ab3b-fa75fa652749,MX
dc6a010c-c656-43e6-a8d9-272035cb7d2a,MX
5173ceef-48c7-4568-a645-edf1d500f801,CA
0f6c1739-106c-4ee0-b4e1-f4d06c5b863d,CA
0fd05eef-6b7c-4d0c-b4d8-7b2c4c837f11,US
6fed563a-7c1d-4aea-ad79-cc7e9b532795,US
60bdd9cd-a788-483f-9522-224bbb169586,US
94ab51e3-4c3a-487a-aa27-1b95254190ba,MX
693b9b9f-e943-4137-b9c8-0b6aef04253e,MX
82c55f80-b7c2-49e5-9d2f-e7d7c6326e3f,CA
83dd1f0c-32d5-4c7a-84f2-48e47bddc83d,US
87689275-95e1-42ad-b367-d7dc676bb3fa,CA
725b931a-44fb-4f64-9afa-030448822598,MX
849f7007-6490-42af-85e2-b3e870545e99,MX
2f82b7a0-186f-433d-ae14-8c591b76f2c2,US
f6013f70-9be4-4ba3-8df8-fcde014a109d,US
54a9d194-63ff-434c-b97e-34999df58e78,US
617f0241-c25b-4149-84e2-140860777611,US
cc07d9bd-4f12-49bb-a26a-5af6a1ae485f,US
caeacced-f930-4381-9376-39513b3a29c5,US
dab64bc4-2194-4ff6-b941-75f4e7901078,US
81325509-1837-4a45-b9b7-77a4b2a34255,CA
0a0c7209-6a88-4aad-bb6a-86654058f564,CA
58a67a54-737d-4fa2-ba24-5b0f352ba253,CA
8f4ecba4-d72a-40b4-8ec7-b21c72f23100,US
b5d42423-bb03-423c-8643-5bfedf07d4b9,CA
9667f606-7973-47c7-a47c-3ffcc81c229d,US
1a308684-1fb5-4e20-acc6-4666c963557e,US
cbc669b6-b8ac-4b7d-9337-8474827d34ae,CA
36b04e89-e317-4c5a-9b1d-809664912ad7,US
2dcf24a1-71fa-4097-8960-cfb241449773,CA
815cf32f-128c-4986-b4a5-f6d6277911ea,CA
41256917-5c27-4a75-87c9-b38b127b9ab6,CA
b006d7ef-62b3-46c9-bbaa-f4f5ebe43a80,MX
c523e8de-1fed-4815-b247-b66c1fc5ca33,CA
0e0b37c2-bfa8-493d-a2c5-99ab7dcc5bd4,US
278fef0f-5546-4c25-8e2c-0d43da2a56d6,US
4534a475-1f76-4cbb-8f00-7853d3f0b032,CA
9234ae74-a4f4-418a-a316-04acde39936b,US
a7bb3843-cdd9-4e68-9917-623b27744152,MX
d94e42e8-08c3-43da-a203-ab899d1c763d,CA
e851d835-71ad-4584-93cd-bdab7f37b315,US
5455a489-f1d7-4aaa-b277-5b373e658341,CA
e55c1b25-9759-40e8-94ba-9c48c6268344,US
aed7bfab-0329-4d50-b7a9-f8186a264d06,CA
10ede4e2-e371-47ba-96b2-7ade5aea74f9,MX
1a1a07f0-6e0a-4022-b997-db0c03adf66d,MX
146788b2-1e3a-47b7-83e3-75a48a352a74,US
95798941-565d-4022-a411-8936753c08ee,MX
9b174593-37de-4045-91d8-01e18cf24c1f,CA
091f98f1-2a6b-40fe-adb7-1c32292e8f8d,MX
199d27a9-ea2a-4060-8265-6cce1862fe93,MX
28d2ce96-093f-48c9-bc99-673dcc690ac4,MX
d9aec5d2-f7fc-4526-94ef-d7a4468ac9b6,MX
8148a900-a552-4307-8870-9038539dc93d,US
3742a532-1c82-4644-a694-c16124a0bba2,US
f2450a99-8119-41e3-a56d-31b3d649830b,US
57f084ca-d9bc-4691-b487-721ac3166165,MX
a9099b92-8515-4eef-93c1-7a4fbc34e2e6,MX
18f0705c-c092-405a-a33f-ae66d540102c,MX
f31a4306-9629-4713-8b69-aeef50a4ec77,MX
ca389edf-ff39-4fa9-81ba-fa7229b728ad,MX
d218c1eb-68b9-42d8-beba-fabdcf1a3a87,MX
15bad265-9335-471f-bd4f-313a400dbbdb,US
fc421729-644c-47f4-bb10-d7a35c4de331,MX
de156163-ce99-4a6f-8778-b97d50e3c3c7,CA
2982bf88-5117-40bd-b1f2-362b8ca8c75f,MX
ed4f562d-803d-44e3-93dd-72b3a0b058b6,US
2fa212eb-56af-4f8b-95c7-88e5e6ee40e2,CA
d7d6fedc-f6db-4cde-bd2e-309954f4a7ae,CA
0caf1b58-ddcd-466b-aefc-7b7fe83698b4,US
8ad31832-3652-4942-a5d5-8428ab95a048,MX
0a299be0-4a36-4f95-b877-d58141274646,CA
52a097d4-edcf-4ec0-a5c0-7be820249568,MX
fe354420-b1e4-4df5-be5d-f3c37c9af1c1,CA
6b01df1f-0e93-4730-bfc5-674b9802c1bc,MX
f1038697-80ee-46aa-8de8-264ceeecbb68,US
0987c17e-e317-4671-9d37-4be3c96167d4,CA
2143823c-0f6e-4b24-a52b-d9811c4bea6c,US
d775a60f-bc86-44e3-92ca-aee74cf39615,US
75b53101-ac8d-49a4-ba4f-6b8a9c253abe,US
f29c8902-6e64-4997-93b7-cb75ef8e90a2,MX
c54a4539-862d-4aa0-826e-8fc7f0bb36fb,MX
4fdc8834-ee26-401f-9b43-8eec3c272b79,CA
3302315a-c2b4-4e96-805f-d748029bd6c1,US
409c962c-55e4-48eb-a5e2-2a05cb8e789f,MX
0c786d8a-b418-42a2-a78e-f13656bfecd0,US
06ae8f41-1d12-42b5-a1c2-7ac49199c759,CA
a44ba97b-6f73-4ef8-b2e2-28990898764e,US
02c40445-b5ce-4d79-bdeb-106142f4c7b3,CA
4a33af53-5ebe-4853-bf99-c261d97ca0cc,MX
449fc0f2-c8f2-4a9a-9055-75f0dc1732f8,US
0943eae2-fb95-49c5-a4ce-9091df198c43,US
eef6481d-8f4b-4fc5-8aa4-4620b2acc11d,CA
5c2567dd-d4b3-41dc-a3f1-7ad7ec67af24,MX
fa57a683-8a94-47e5-a1c7-e4a5ffcf4c60,US
33b8eb6f-2ea3-4b83-82e1-addbb015ad43,MX
487dce09-ef19-4426-8c66-e0c579f0f4e4,CA
42f4da1d-5d8f-4229-8e05-5487aeae6a37,MX
a505312a-0b55-4294-b08d-60f81fb8d26c,US
c980b6d9-1bd6-4548-8a25-0f2a7808665b,US
d89a146c-41b8-4174-8ab9-6c632ff4daea,CA
51bc6be3-7c13-4510-97a1-aea5a3a59d88,CA
481cb3c6-13b9-4bb1-b0ed-b8225d954cdf,US
193e9910-f807-4195-a350-56842ce68fdb,CA
8ee6ede3-2d2d-4e83-94f1-a60ec50c218c,US
c1f63950-a530-41d3-9401-078fcb6189fb,US
1bd54502-4209-4103-bca9-7416866011a5,MX
815be0d4-10e2-4e40-9b75-1ef38e65daa5,MX
68b87700-5108-4ed4-a924-2feee01f5943,CA
30ba2ca8-8e1c-43d5-8e5f-ec3bc7266df6,CA
d07e1ef1-efed-41ea-91d2-a112894aba2f,MX
3249aef5-518f-45c9-86b5-11deaab1ee5b,US
8253d48e-02b7-48c5-924b-7aa08528efa1,MX
3c60488f-82a2-4db0-8af7-c0d145a0530e,US
1f8fbeaf-b2bb-4b61-b817-0f25ef8f206b,MX
49dcb9b7-2d81-4f55-9860-9be1bd1c5131,CA
d8b94284-2266-4de2-b949-73634df7f310,MX
7c2bc0e3-796e-4539-b7c4-90506a7d71d8,CA
794e2777-bcdb-4189-a6c7-456ceff1155f,MX
2e49d7c2-9a9a-4963-ab63-96263d5a23e8,US
e0a1377d-8e12-45a0-a05a-e23a7108acab,CA
f8776bdb-afab-477c-a1fc-c05d0cc03809,US
214e99a6-80b8-41b8-a549-b9e808c8e32d,CA
7e4581d3-7914-40f3-aa0d-0bb5c7d34755,CA
7b240e2b-0147-45b9-b111-042ccab7616e,US
aef9705d-91a4-4299-8f63-a2012c40d545,CA
6104e429-68f9-43ce-8f93-b5d9e231b427,MX
4a520939-03a7-4784-8dbd-7dd81d57c55d,CA
4c7ab1e6-1360-44de-9fde-cf517e9b7d87,US
37c8864a-ac38-4830-881a-72a1413ffd92,US
0862d45a-6ffd-434c-9a0c-1beed8f24b3f,US
7c2d4159-a185-4a15-9fbd-893147141f03,MX
c0a61eb4-f39f-4a5d-8aa1-faf1dc8f0e22,US
83b1f8b0-6174-45da-bb24-d0481e418a8e,US
00957e75-e102-45d9-aa6b-44f981ed004f,MX
93771445-cf15-4715-8628-1dc816657c07,CA
0db8057d-0af5-432d-b090-35339c64ad08,CA
bcea69c8-a791-4f39-ad12-21b3d1f34528,US
0fe5e148-af4e-47f7-b851-0eee6de4d816,MX
b14c32fc-87bd-49ac-a6f9-a89115161efd,CA
518452f6-3d08-4be5-bf6a-b26a5d0367d6,CA
dac09f23-5f07-400e-9e1f-e8c0dfc1ed3d,CA
f5330e6f-aba4-4e93-bfe5-199c52f70977,CA
005a4ed1-1cda-44b2-98ba-1da7afed78aa,CA
c98ef12c-c9a2-451b-8627-2c97cfe3a795,US
b3503f42-c175-40b8-b3a3-ed012c9afd25,MX
3d71ff7b-af12-42e4-9670-9e94fc4d3471,CA
ccf10425-f430-456b-b223-95ed8f3da155,CA
5bdcb726-85d8-4359-b37d-ab4e73ea69b4,CA
51b121c8-0776-4f94-bd5d-c90ab97c9ebf,US
25114d06-baf8-4745-90a2-8ccd7ee8d98d,MX
f7e2ea92-c1db-4bfc-8a5b-f535f0cdbd2e,CA
ec1d07b0-872d-41f2-bf7e-4be9ab3cd7c5,US
c93f473b-6a73-4280-a886-ba345e945630,US
8bc6c06a-179d-4b68-9c91-836275f0c8f6,US
312d6fcf-e1dc-4578-8c15-4d096fade759,CA
97d21880-7e34-435c-bbd7-d23f7effd5b2,MX
83d7d40d-57d1-499b-a3db-0400d0a5f378,CA
e50012b4-bb6b-49fb-afda-5f36215a4829,MX
996cc93e-6631-4f99-a68f-fa9cef3d391d,MX
357a0e44-98d9-4bf5-b947-91b039b6ec94,MX
920a6791-499b-413c-b958-d0f216f0c91c,CA
0a3bca94-0c33-4b80-a903-4907847778a7,CA
81845f6c-a2bc-4428-9d93-2fec5fe487be,CA
9ddce337-41c5-4e50-bb0d-63175a9b467d,MX
926acec9-8f06-4228-b8fa-bc8154aa7fbb,CA
fc32d9f1-ab68-4648-85c0-efd419d9c0e4,MX
05f91006-1fc1-412a-bd1e-eb28823942ae,MX
f8f356ab-371c-47e6-a788-df4e82d36658,CA
a5cda994-8167-447f-9dd6-9c0571d5229a,MX
4ccc095a-f774-4863-ad0c-eb78944a928e,US
fd0cf1c7-d989-450f-8054-b990fd4c0447,CA
e9ea5901-e416-4258-87b7-dbed22da887a,US
555abcc2-97e9-4172-9639-eb7cf39968e3,US
1e8dc1eb-3b2b-4805-95df-2795cb658466,CA
3b89d0e1-08e7-4f5a-98a7-43184030e6a9,MX
c9afd552-c19e-4924-ab16-baced2a3e991,MX
bfcb59c2-6ad4-4232-a9bf-f088091c2134,CA
698c99c4-d15d-40ba-b2f6-4b1d6a5b5757,CA
227a9c04-cc4a-49d4-9d47-23e842c348b3,US
235e2234-d911-4647-a07a-fa0ba2c3a62c,MX
3b893c85-c82a-4173-9901-49f0798d1441,MX
51d78e56-8155-4a00-8d70-e1e3ac0356d3,US
4c2ecafb-74b4-44c8-9c8f-3f53d8167899,MX
8bbb10c2-f765-418c-93d4-b1cb51c6a20f,US
6b32cda8-bf4a-4994-9e4a-0e864ffacce5,MX
32de0790-e690-446c-bb35-fd1c15dbb761,MX
88d0d136-f97f-402e-95dc-3f27f7bc64bf,US
f830f80f-cfbd-490e-b2e1-aabbed0159ec,CA
9049ec6e-c018-4061-a4e9-194c014c5760,MX
a4ace2c2-8e0e-4cfe-aeb7-0f4382fbd611,US
38ee930f-a147-47a6-92fe-cbd99b30f981,CA
ba97e457-11b9-446a-ba09-f704549dbca0,US
d039b8be-cbfa-41f5-a0c4-935c56fa1811,CA
7139601a-b895-42a9-a1f7-f1c7f0811501,MX
4e2c4ac8-c6f2-4a92-b419-a931a32d5fad,MX
e3a2d656-52af-4f55-8f20-a28ebc52c5ef,MX
898dd276-fd65-4320-abe2-71ba72ddfb60,US
82d03b43-4eac-463e-aa49-36d1bd8fca0c,MX
f3bbf276-acf2-4716-826b-59a001fcec8b,MX
efd72865-de89-4978-a064-084a04ccf664,CA
ac6adbed-1ada-4220-bbe8-1528911f2cee,MX
4555eca3-1d42-440d-99ab-791500dc3f8f,US
85aa9692-cb2a-4007-9514-93449a94d566,CA
e3142e3a-ab11-47a0-88c0-7e7c9ac3a547,CA
1d418d12-e2b3-4a89-a91b-8ae1a0e2f716,MX
d755cd46-6a4b-4510-99ab-22f63c6d12e8,US
79af8188-ecbd-4cde-a0d1-1d50eb4a2d13,MX
c160bcc8-844a-4cba-90a3-44247305ea55,US
2764eead-7b98-4c66-9d30-6fd9f3d81bb0,CA
8dc83a33-b15c-4e16-8795-1f57ccb12f84,US
b9d8f682-857f-4bd9-8862-26fef66f886f,MX
d7c16b58-623a-4b71-84d9-16e61ee8a0aa,CA
eaee59c8-76cf-4e81-905d-abb467be1a05,MX
7fb5ca4d-909d-4030-84fc-957f18d1b0c2,MX
43a60093-77d4-4b60-84dd-74fa0f5e979a,MX
70b4eb77-8b24-4c86-97f4-c0c13582acd1,US
569bc660-ec2e-4e07-9f28-d363c0745227,MX
f10b6cea-f5c2-4c63-892e-2d9cbaa6b1de,MX
96043be4-ade1-4495-b6b3-31189b436d4d,US
a319b8cd-06cb-46b9-9726-c2490db864ff,MX
acaf4959-2f1f-4e51-9988-ee8bb4ca962a,CA
87e502ac-e696-46b8-9025-adf7f19c9591,MX
2de3740b-af28-4f26-8264-9b50f7e3268d,MX
1db148ec-7b2e-4f68-87bb-f4a5be8ca8a8,US
ccf909be-e98b-4ffd-a72e-b1854fbf27cc,US
6ee9958e-0e5f-4085-97d2-4b72363daf09,US
0ff07017-9b9a-4937-bc51-c16c714427d9,MX
fd4beea5-3916-4d35-8ca4-dcb4493c8886,MX
5a02fbf7-301f-4eb6-abe0-97c08d40706a,MX
e3a2b099-3516-484e-a79b-d703abd9cd43,US
534ac1b8-f6b5-4792-bd66-fd481bb68ab6,CA
8d4ac93a-012d-4263-aeed-dbecb1d38eb6,MX
10486d01-7c47-4339-bd22-77263c3b39ff,MX
a2cc5293-b50c-4cc8-a242-5ada30e459af,US
d7d456b1-b9c3-4e09-9e8e-a89d71febfbf,US
d06a5d0a-cff7-42d9-afeb-98d8ba7b5f94,US
7f6b3b41-9b5d-436e-b2b9-6b600feddadf,US
fc9537b9-b20d-41c9-a4bf-12bef2e6434c,MX
5579bc3d-47b7-4386-a0d5-d3b696ec6bf0,MX
06c33285-25c1-4710-b47d-ac0427571405,US
57da1bf9-9b6b-4c6c-94d9-6a445ccf7e4a,MX
2e3df3ea-f5a3-4174-8728-17c823436c93,US
2196761c-4100-4e66-a103-4ea48c00844e,US
d91d7063-87b8-44a0-b199-54a7009e2ca6,US
73187bbc-6e25-4c5c-a160-f40059c023d6,US
83321e8b-d046-4d94-9927-2e6a75963ca3,US
3a144097-609d-4e53-8f74-97b37044079d,US
de49d81f-af17-4411-bca7-761007563ca9,US
d9438685-13d7-4157-a14d-3bb634b1f581,MX
b928dfdf-cc8b-46d6-b31f-f25b8dc5e535,MX
05ce8260-7a55-4a68-a2c9-2ec188d9dca0,US
a4e64014-1439-447e-a029-48f72bbf9899,US
2f687423-78ce-4061-a1b3-a800dcc9d59b,MX
2ff4f5e0-8deb-400b-86ae-535bea47fb8c,MX
09070072-dbde-46e5-98e9-e4aaeb0a9eaf,CA
7803be5a-039e-47f9-bae0-b6d2bb4f47d7,MX
edb77764-d54b-4e4d-a214-5c87ec13791d,CA
ff2103c8-27bf-4e39-95a6-21dfd08edd39,CA
114a5e45-fd28-4680-93df-d91ecf05ab29,MX
d5b7dddb-ad65-4d45-b78c-d47f35f8f53e,US
32b58ab6-693e-461d-8842-361ed8675ec9,MX
b392768d-621c-44f8-832c-284dd1de34c6,US
4fa9235d-d2cc-4915-bbe4-18596d94e600,MX
d32ef0f2-0074-4a1d-be14-93478dcba55e,US
58f476e2-d6a5-4085-8506-30353a48b3b6,MX
95fd65d1-02c6-4322-ba0c-c2b538c19af7,CA
26ec2447-07b9-4ea1-a905-1e4273953292,MX
38954f11-fbcd-40d0-96e3-5a53837db253,CA
7077a526-db70-49a1-974a-8d847ea60a68,US
e33dff9a-fb09-4f30-9d10-28e59302cd92,MX
965c0bd4-f7be-49a4-aa34-075d4a76da98,CA
43bbdc46-9c07-49e4-bc6d-3209a8485e3e,CA
4ae10da6-c4bd-45ee-ad03-51361ebbb717,US
3b17fd28-831e-421f-a6e3-e8b8142de73f,MX
3cb112b4-44d7-42a0-9102-52285e891970,CA
ac3b8465-e0f1-41e3-aa52-b288aa0aa108,MX
861737cd-2dec-4b7d-9e20-883f6c54c218,MX
f0e4f7b6-49f8-4d1d-a292-6c08570d0edf,US
d401bf37-f6a2-4bd3-9d75-b9cd20ec147c,MX
4791ec9d-7301-4e15-b492-d634414ff543,MX
dbac50b6-2699-489b-9008-8f07774d2306,MX
df107df4-63e0-4fea-9e6f-4179895932b7,MX
f44822d9-767e-455d-ba99-d91ed720fc50,MX
42e6a8f2-d910-4611-a82b-6ffc55bb718d,MX
1cb273ec-099f-4aa2-b8e3-dfbdad8344fd,MX
c1a51017-7dfa-4cab-a0b7-a5571ebe4f9e,US
d2d763b1-7635-448c-8cc2-04a735733ae2,CA
99976bcb-0e08-441e-b47b-fa7c236f55af,US
39ed90f1-c2e4-45b7-90aa-2b2396d96cca,US
4875c79d-d56d-498b-b402-ae14ff90c26f,US
7c0966f8-5e78-4c33-9473-a74802c9da12,US
b6663f59-2704-4833-be54-5c66f6d373d3,MX
1395c0bc-c7f5-4aff-846d-bef0fb67fe71,CA
3adbcf00-81ec-4120-af3f-59a2739997b3,CA
edd7fc70-d612-4bf5-818f-bcdbde9a488c,US
25875de8-474b-49a5-8f3e-c52a11516165,CA
1951b558-2e45-4f38-9e25-5da132b98f41,US
4f017745-c360-40e7-a9b8-4df09960c6fd,CA
4889d8ef-aced-4947-a3a7-384cfa1e95d6,MX
0d181d7b-53ad-45b8-b816-e6706e8467e0,US
d4b224a3-e96f-4074-be87-26e515c02f49,CA
7ef0c6d2-7fae-4fb6-8ac2-c48146c96ec5,CA
01c391de-96d3-4f86-89ca-cb19182e826f,US
eeae92a7-a2ee-4cef-9066-326217a2423d,US
52282aca-a22a-414d-8605-709fa74beb4a,CA
b494b407-42fe-4085-9b7c-8e8e9a2af096,MX
3e15151e-fa46-4187-8492-d5b70f676478,CA
eafd5978-f482-4a03-b73b-6312431ab213,CA
16beb036-0c3a-4340-8a56-cc95e01a816f,CA
dd7d630c-d189-4468-a937-45ae5d8399ca,US
6642550e-b282-46f3-8d01-ee839e08e6f6,MX
2b26fb0d-86d8-479d-918c-b6605fbafed7,MX
62b6ed0c-799a-4849-bf2a-ede3947e98ce,US
d80fb77c-fc0a-4892-9830-da874af3bd75,MX
b7ed8927-85d3-4311-a3af-2eaea58015db,MX
41cae15e-20f1-4ee8-b98c-c74add5f8403,MX
903d9918-33ca-465a-8f0f-9d600aeb31a0,US
f3abaccd-c271-4e2a-80ef-612dfcd03f1c,US
e756d7f4-b152-402a-8202-3be9e01465f7,MX
28e15a4f-f459-4ad8-9c38-8cd94c6b3a59,MX
338aacac-e59f-4103-99c2-71b6620ba6fc,MX
5db8ca0c-f813-4bd0-8807-c35639b4cb39,MX
07bed1b9-ef26-4217-880a-87cfba2b9c33,MX
3a79b6bd-7b7e-4775-b901-4b1ab2455d9f,US
1173d7c4-eab1-4320-b99e-55004e9d095c,CA
e8b3b4e2-8710-405c-b564-745b642c6e64,CA
34437d61-7aeb-4cb7-b5f5-22edfa7bed18,CA
7477019d-0236-48fc-b7f8-536bf82777ed,US
bc7ffc5d-40aa-4811-b38b-d6d479560d24,US
c1180f44-051a-41d0-b1a1-c7dead1715e5,MX
7d7c2052-fec9-4fd5-94ed-8b3a42ab0451,CA
b46ba249-9a40-4e41-ba88-fd7db28b9954,MX
d09261a1-62a2-4fd5-841d-febffc908087,US
9dd50e52-807d-4257-81f7-38d01c9b48ce,MX
c6b3f56f-97d0-40c3-b28f-8c529e3caa94,CA
910afa52-f353-426d-aca3-c1586a17a74c,CA
6d352fe2-7f42-4882-b6cd-1a8dc28c4709,MX
b505c588-eaa1-45f4-a8f5-7cededa9c2cf,MX
862c598c-6bc1-4237-9a82-1de978919141,MX
d8701f9a-d041-45e0-bc1a-7960fce704bf,CA
6f028efd-8edf-4832-a77d-d817efc737e2,MX
f208e90f-1285-4bbd-9cb3-5a5a67ec7327,CA
a301c561-9494-4a9a-bd8b-34c80c7aa36a,MX
f191ae07-7e0c-4a4e-82ea-c75103f0cbb9,MX
49cdd139-2350-483b-b2fe-cd7e905eefdb,US
7302c0c5-d60a-4924-9707-2f35a2518297,MX
1d4a6359-1cf2-4e14-ac8f-66fb3cef8171,US
31d15d62-12ee-4067-891a-4a4d43c682c5,US
dc4ef6be-125c-4101-84ec-a12a20f96108,CA
1a3ec9f3-31d6-4d92-8140-f3a8b1d54e88,MX
fc7b3307-ac00-41e8-b4e2-dcf3d73ffa48,US
fff17270-fa68-4a47-ad44-5058b2234c7f,MX
04483059-7ac6-447c-884d-47d9a8e85657,US
4d7a8755-5c91-42e3-af00-70c3b9a39e5e,US
bc3d8eac-f3f9-41ce-a518-a77fa49f08bb,MX
5af7a672-f2d2-47f6-9331-6cd4f9fc799e,US
d280ff23-476b-4fd3-bdb4-94ab812477a5,US
cdce969a-a33d-4d59-b5d0-965a93ca1a54,CA
242d3ee9-d15b-43f8-afa8-191d7443e359,US
b11977d5-0bbd-404f-9642-f743f3ebfd4c,MX
07cb072d-e06f-43d1-844c-237920b46530,MX
94afdd72-ea3f-4bb9-903d-f48ce3215a9f,MX
0f9e51ff-2578-4315-8d29-5886f5e506ac,US
733f106e-ccfd-4765-b70d-7bb4b53044ad,US
acae7a68-3fa1-4069-8f9a-299af8647ebb,MX
03220e1e-49d6-41f1-a137-678c534c2795,CA
05b76bfd-1307-435e-a87e-be7e67849d2b,MX
0a82aa00-9bc4-4cd5-8ab8-caf7db6ae561,MX
66f74687-6490-418a-92b1-6600fbfab135,US
9b305d4e-dd94-43bf-93d9-90a8209b4b68,MX
1c44e705-fc93-41a0-8052-0f08977117e0,CA
07a6be17-b036-4f0b-9bb4-80597afd6da5,MX
9ad38cec-0627-471c-a33a-7d57e67b4351,US
e3b9aff8-ad20-4fdf-8321-25812ceb5f02,MX
7c3e661d-1059-4fb0-bce5-69c6edc0ea4b,US
21754c70-fab4-46ee-8784-4b9139467a03,US
fa04d9c1-7bfb-41ad-b846-9a2f33e87c3b,MX
bc612259-dc98-48b1-b36c-3b9ffd034a58,CA
3b97f5f7-f9e5-48ea-8565-427f6b78926e,MX
7cba998f-7078-47c7-95f2-e3d1bd826708,MX
be939ee3-025f-43dd-8e47-867eee0f642a,MX
ef9a3664-a629-4ae7-8298-d4dfdaad833f,US
51a3196c-8359-4bcb-a39a-5b4ec080673f,MX
5b63eb98-cc5d-4ea3-9c98-3401784fa68a,CA
b81f0fc6-57de-407a-9772-d4b6a51e841f,MX
656033f8-3d0d-47e0-9e5c-81b11f71e7ee,CA
45903382-ec52-4725-b1b7-6604814eaecd,US
2ea50294-3874-48d2-abf5-dcd7de911d8b,MX
d32209a6-d390-44f6-8b21-97f18d2cd1b6,CA
2e5e8e76-2e20-4f5c-a7da-c051ab4d741d,US
7ccd9920-4060-484f-8a75-c0fb66a6784c,MX
23105245-c559-4ec8-b279-3fd3c94d213e,MX
6fd6ca0d-9725-48fb-96ef-cd5026960a1e,MX
078dfe53-d6b5-46ad-8c94-1b676d284470,MX
f3ee3fa0-6404-4db1-abba-42cdfa6a3f9c,MX
ce4ccf95-4a82-4376-beb6-1ca1297de2f7,MX
1976f15d-a858-4ef5-bbdc-359c3eac36fb,MX
af27534d-8cab-46e2-bed5-9cb4deb7662b,MX
9815cee3-9383-457a-b8d1-27c48cadfbc5,MX
78f2b6c1-d7d0-447b-a0d9-a6383820512e,MX
ce44fd03-dc5e-4c1b-8c26-a956d792a49a,US
9968b024-e815-48bf-9c68-983574054171,MX
3bf44ace-8401-4f2a-93f9-eea89b1f6c1f,MX
3eea0430-9c83-4666-8ba4-b6fdec9026f3,CA
defa9b8e-83c9-4352-8755-d1aafe96915e,US
f6fbd18c-dbe7-49ff-befd-9295d5a218bb,MX
eda0a4b5-2af3-45ec-93b9-e602d92dd283,MX
56521d98-067d-4ba1-b06b-f06d52289000,US
18ce75bd-a6e3-483c-9317-1dfd0dd112bb,MX
1e2fce57-0891-4f84-8dfe-b6a1d0ae89af,US
f7e69b31-abd1-4688-ad61-7ef71f63e320,US
0c2b1728-11b7-42c2-ad8e-1ed27141414f,CA
b57f3948-80b7-4bf4-9b47-4f560735ce4f,MX
75f4d34c-1f57-46fd-b727-eef75b057654,MX
c4291718-9753-4c55-9f30-2eb11ed6e608,US
0c6827d0-9db8-4c12-90f8-d76e446aa32c,MX
117c8146-a0f1-4470-9fd5-17e7be851099,MX
f770a2c8-28da-4d16-884c-d6e4a809b189,US
e013cf92-b676-4a6f-946f-6686a3dd2c7b,MX
e669551a-9098-4143-ab07-2f2bb03d929a,US
492b486e-d86e-47ce-929f-e7f4aa26ef27,CA
3180cff4-8420-4a54-b998-931fda2045bb,MX
8b0d90b4-ad09-4b15-95d8-76e7be488d15,CA
0749c69a-c293-4302-a257-393cc847f71e,CA
7e96caa3-5d61-4901-aaf4-7641aa257632,CA
210904d4-82bf-4644-afee-86564e1130ca,MX
a8a1343f-7191-4434-9015-b2430cc313c8,US
8d5ef1a0-95b9-4816-87ee-62b67500a590,US
05abc622-7cb2-4e91-9eaa-fe4cfd504df1,MX
0462d51f-ffd0-4866-a073-31bef59278cc,CA
7063042a-ad11-412c-8b54-55af9b5cafcc,CA
d57c4304-119a-4b4f-8a32-23a72fffda58,MX
dc68a6c3-8c45-4976-9397-751723b7b130,MX
bcc2b1cd-30c1-4770-ba59-da410beb695c,MX
180747db-46cc-496f-b4bd-d891272003ba,US
7cc1a7c9-5b02-4c5e-a85b-fc8375709457,MX
dcfe43e9-96cb-4d3d-96e8-1e13df2f90c2,CA
abffb1fc-d3cc-45ad-ae29-fa2e3c0ecc83,US
bfe5eccf-b6b8-41de-b3a6-53fe5a1ad4b4,US
b4e5376d-47e0-4ed1-9216-238e0b2a1dcd,MX
47b828df-59a9-4830-85ce-b3789ca14f83,MX
f095cffc-ba74-40ea-8591-cd35b07a1d97,CA
016632db-a75f-48b9-bcc7-6b660ec0031a,MX
4edb42fa-2284-4f5c-8595-ea6768741d76,US
b48d4b94-fbd3-427f-ba30-c4bba32e9eee,CA
abe5aa7f-062f-494d-8335-01b8f465fd52,MX
2b01ae1b-e8d5-4e60-99ca-fed3b920e1ea,MX
e6188e77-5516-4d47-b2fe-255c4bc1e1a1,MX
1ad4cd7f-7b7e-47cc-87e3-78d0a0d0ac9f,MX
aee7bab6-e827-45a7-8a60-089a4c858bab,MX
1e0a82d9-e815-4452-acb0-8999c9ee2f47,CA
bb8fea70-48b0-40fb-971a-a2c1a9cd2ae9,US
f3a8a922-f827-4a11-8965-ccf8939cdc45,MX
05af73c8-71b8-4fc5-8bf4-0458dbeb95e3,US
435d4512-4226-4b7f-ba31-0d2c6c3728aa,CA
92a1726a-2047-42c1-98fa-b6e7a537ad29,MX
e4f06ffc-1d9c-437d-8712-db1b3ff565f9,CA
a9c417e5-e89d-4a83-96be-2b589881313f,US
89217b94-41cd-4170-918e-a292eb2d2015,US
fdeec31a-318e-41bf-9909-816f8045a8f8,US
d2565904-f916-477a-8d37-681bea71725b,US
c13ae38c-2035-4c1e-9d5f-e91083f92372,US
ba08d307-4496-45dc-abf3-ad43d35c4641,CA
a382f6e0-2aff-4dc3-ad3a-73233cf7ebdc,US
34d431e5-f039-419b-8b1f-b625fa338e6a,MX
f444d3f2-2e2a-488c-b268-77019972b63c,MX
3a462022-7f5e-4045-b0b2-4eb8c256e8f9,MX
19950bca-c0cb-43e0-92a9-05b6d4f0f116,MX
22de97a3-a004-40ce-af71-35127495f636,MX
6b19bb44-76d9-4331-9fd7-bb2346896085,MX
c6e8c6e2-bf1a-4426-9ef3-09f30e8733b1,US
3d082938-0c84-4b7f-8255-b4c1b373195e,US
b6180d9f-621d-4e8a-aef4-2e5cb2234adc,US
4021f6ca-060b-4403-8ce0-49ac31fe017e,US
ccb736a8-4588-42b2-9655-d3c10fb44830,MX
a6bd4ed6-3793-4d98-b9c1-adebef0ba57c,US
70c7df1e-3d63-4add-9e90-6fa8bd7c3127,US
83ffc6ca-85b1-4134-a2f8-de145cf95b98,US
40c64e99-2900-4412-9418-675866a42563,US
974da39b-f3a6-4328-90e3-de1b29e40815,CA
ce1152dc-56a2-48ca-8fa5-0482bb59b79d,CA
04be8927-7dfe-470b-bc9d-89d4ccfd3d29,US
e56a31e4-ffc6-462f-8f89-31e506cf7e2c,MX
a39121ef-5e6a-4a67-aded-b4c050d48551,MX
c1c372be-8b61-4c17-80f3-d60823c3f356,CA
1b4386d7-6447-458f-8da2-121bd6fe285d,MX
83263aa0-cab0-46a4-9b8e-8cec13a10f42,CA
cfb12b26-9e77-4922-8de9-f68cc57c8f6f,CA
d3999a4d-7348-4fcb-a1b0-c6520134d020,CA
0a4868a9-8695-4d3f-90a2-647aa96a677b,MX
fbd4a548-7f5b-43a1-97a7-b217f2feb90d,US
5c31bc7a-6f08-4fd5-b229-1829e809cafb,MX
9882a339-eb10-42fb-93b5-9cc07e7fa06d,US
be3f9704-c2a7-4805-928c-04afd92fb639,MX
4ed7d4e9-b440-44a8-8cb8-35e911c96324,MX
123694ee-cac3-42f6-9d2b-91f8a4be5386,US
cc56c477-5333-4b9b-9d3e-ed3db66d1a37,US
3bbfc551-e49e-45ff-90bf-0c8e17f67c62,MX
4c74167a-6b1b-4745-9f74-f9db81a998d6,MX
57eda747-2c91-4808-81b7-aa870c73879a,MX
54e95030-2f2d-4156-9a3f-f7ed1b4c93c7,CA
57b61d95-c180-49b2-a8e5-300c905ca4cc,MX
985e8453-2557-4a3c-9247-d9091dd6c76b,CA
2df5837c-bbc8-4c23-927b-730690edaa82,CA
7d38f8b6-c987-446d-ac62-3ff79c8f046e,MX
2e5364ea-e592-4332-afef-7332b2f5773b,US
3faf1957-d602-42ea-84b3-0aff66ec9f83,CA
fd2af784-87bc-43d7-b1fc-d4e9c3de6d9f,CA
bc51a426-d36c-4ecc-b6d6-e2d000a8435f,US
535c48b5-ba69-422c-a8cc-c28dc9861dc4,CA
a75c4be1-e4a5-4044-9b15-12fc4f42a1df,CA
ec1080b5-4e35-40bf-8877-4c95a7a0b31d,US
26cc5f91-fb14-42d1-8193-38c68cd36a3b,US
87fc33ae-b764-4d4c-8d14-7152274d48f1,US
90b41e30-70dd-407a-88eb-ed34397b10cd,MX
200fc0cd-e4ba-4526-b94c-551065c2098c,CA
9bbab19c-57f6-48fa-85d2-cf8a43452528,CA
8bd039a3-3491-4719-843d-a409033e71bd,MX
2f39b676-2a9f-4986-8158-3a55b4eccf90,CA
8c20bff4-3044-413e-a80d-4fbab024db81,CA
141cf28e-83cb-4b78-baf1-e56f1ca248cd,US
4b932d84-41a3-4bd5-ab25-f48cab2d1106,CA
95fd4ed7-35b1-4944-ad60-f89866d8057c,CA
40a99e0f-7f80-4a4b-a903-ca77520b06fc,MX
ae98ee1e-1288-4af2-937b-8c1171ccebf5,MX
f2609e14-1009-4161-ac48-35fb13458454,CA
38f703d2-d578-4913-b83e-7fa68951f9da,CA
9511c9ec-cc93-4539-a97c-bf4d6f6c9728,CA
0a87d1e7-9b77-4453-a956-97fa82512c66,US
3a41e2d9-e189-4588-81ed-95219f204201,CA
a50b5832-72c7-4f20-a0da-8e65a1e40f7e,CA
870e5609-4e4f-4233-9272-74208b885813,US
0a97794b-c191-424d-adf3-5a86277af605,US
3f96b974-c7b3-4f94-8163-dc76e4bcd771,US
ce8360b8-c117-4c69-a64a-4bd8d16c8f3b,US
8c7c4958-da1e-43ba-9db2-e4005b9e188e,MX
e58b05cf-4fbd-4dd5-9fbf-db6f094aa3e2,MX
90c5ca08-7b96-4a66-9dae-18b38ba5e8d1,CA
e0117fc6-3700-4846-b5d3-78179194174a,US
0f7b6829-538f-4fdc-9907-c0a13fa507bd,US
8acac769-5d54-484f-a2ab-3d9c5c206742,CA
ab67a484-b93e-4c7e-91d2-6fcfdbd1893e,US
5c816cdb-4009-4f94-b8c9-73fca9dc45cb,US
f3a373ad-3e17-4389-850e-a7a8e239d2f5,MX
930e599f-f761-4efc-bd75-e9026d43be15,MX
f72811b3-6e08-481e-bccb-5b75674194a1,US
159ec468-639f-46bc-8463-237ead7a0ecd,CA
9154e379-3a5a-4d7e-9c6e-8c6aaa63bca1,US
e3cd55b4-286c-4a78-b5bc-87223f54fa4a,CA
1c719943-ffe8-441a-b3cd-f061562daf63,MX
ad576770-65b4-433e-bfc8-0903289121be,US
350ec460-2804-4a02-810b-7af0fbcc9194,CA
d2b6892b-5930-4f5c-99b2-07244af9dfd6,MX
245835aa-5db5-44fd-a3ac-b806fb8c6267,CA
9d7c41ef-6641-4433-a9a1-a181de69885a,MX
9ad8bb04-28dd-4933-9ec9-882184d6484b,US
f0873179-a7fb-40f5-9608-7fbecfd96aba,MX
0d993144-866d-494f-9861-1f6aab5b79d6,CA
5a65f58c-c2ff-42ad-b966-7d1997fb410a,CA
6f1fe4e1-f9a1-425d-9d24-29b755065272,MX
df31b333-db87-4a9c-9a95-7375778cae6d,US
e62a1dd1-ac18-4267-98ed-60dd2f818a43,US
46fd6d93-b7aa-4908-b279-ec14b1e90d78,MX
a0365d35-cb1d-43a0-bad1-cf0ce064fbef,US
732bd209-ee01-45e3-827f-96246ae0d1b0,MX
497b954e-ca85-4aa6-b08a-c1747d14c21a,US
cf405f28-ce10-41f4-a514-ad68e0339b87,CA
c55e6288-9ef7-4c91-9f88-3a8c2030342d,CA
9a5240d7-9a71-464e-b500-5ee11bd7ecbd,US
9c829912-5cb6-4470-bb79-30b6ce6b3c81,CA
c1c60cf5-2d3a-4be5-84bb-9af805063e40,MX
9d79e086-4adc-4c45-ade2-57afc11c3d8d,US
f3b87111-4f42-4d04-ad30-ffcc29ce7764,US
c0e616e6-d01e-4a39-acd9-0590dad9d904,MX
873b8022-5488-4502-b62e-7ba839f55b04,CA
a64242d5-a50c-43a1-a2be-2fc9c624993f,CA
7f14cf0f-0a91-48d3-a1a6-5e9798a511eb,US
97ac53ae-8dca-4df2-8a17-6234e12076e0,MX
577ed809-060b-4859-bb5f-9945a46b9b63,CA
bbe5751a-c19d-4dc0-9682-d5d0f2d40650,MX
7c7132ad-86c7-45f7-82bb-e5105b2be62d,US
6e2eac44-c28c-4635-963f-1c7dd831cf77,MX
80ae5392-d548-424f-9987-d0f385dbf4df,CA
c413d967-d9b3-4156-b1a3-fc6eb890bb4f,CA
f940a1cc-b071-4687-80dd-b0b2125d777a,MX
4207a79a-1fac-4c3c-a787-3829596d6228,US
bf46ca2a-a778-4b5f-8b32-ec8392064343,CA
a1ae5c1c-89cd-4af9-a842-d8ad6da6e750,CA
d53868c3-627d-43b4-9f69-59f43586967c,US
8f8fd537-8f3b-40bb-80f9-9fa812075076,MX
2b7b4e31-8a77-4fb9-a90f-4a09917d1733,CA
00810653-1407-4818-806f-b6c38b47f767,MX
b7673c60-0611-4461-86ee-7914284eac20,US
be952bd9-f713-4c49-b35a-f23381741ace,CA
4b20d5a9-302e-4094-b2a7-855fde5d43df,US
86799d29-2ba2-41f3-93ce-82a183001c80,CA
08091312-923e-47c1-81a4-0aee356f47e8,CA
9244c9ef-aebc-4829-9f2c-4313e9929700,MX
07feda7e-bb99-4dae-a49c-2fb7275da296,CA
ed3bd252-5bf9-47f0-96fb-7bcfbd0e44ac,US
47b85fb1-9001-468d-81ee-65ada3d5e20d,MX
c75a5996-1591-411f-a706-28c92a7047d3,US
470cb73e-25fd-4f3e-8e60-fe1ea9997a8c,US
46c6c6fc-e208-4cc6-95ed-75545755a53a,US
717c37e7-610e-4428-ab06-a68a846187b5,MX
f2c593b2-d3bb-490a-a119-fed9a2822bdb,MX
576a1cb5-5db4-400b-a229-ae1ed31fd756,CA
68c57d29-f2ab-45e0-a234-ede9d19c239c,US
0b8aa594-c018-454d-b392-31b60fc2b564,US
705bb497-7c9c-4eb1-9ed3-42a7a018473b,MX
779b6dc5-6656-4176-991d-5a790859b21c,MX
3c992218-c0d3-4005-9bf4-171825634cc0,US
b9aa170c-55de-4ad0-b6f1-c88767cbffa9,MX
8a9a2fb2-35b4-41f3-b475-6dbc084fb050,CA
a200aaa9-cdbb-4482-9651-7a82e40e35c2,CA
442dda55-52ae-4c3f-b9fb-65e3b5f7eb1d,MX
184efdd2-9752-4015-ab9e-32c9b33623cc,CA
989f7063-e078-44bd-9545-de804ca7b0af,MX
f67c288f-f6ed-4b1e-93d7-5e5e17d515ea,MX
69720803-09f2-41e8-9e30-7cb5f0f0d240,US
c00563b2-286d-4169-a662-d3ead258d869,US
e0e4ee83-9258-46ae-afeb-750a99e4d2cb,CA
ae3bd07c-30c3-46f0-8e4f-994f094ee6c8,US
123c0e09-5dfc-499f-bf88-a7383c8d6dca,MX
f876a47c-3c1f-459a-b578-f56711c3ab1a,US
b0d34e69-c0a9-4fe1-9702-5ed14c8bdc24,CA
6d3cd085-3849-4e40-882e-52041d1fffa0,US
8151396b-9a4d-4c03-baf8-2e35d62a7691,CA
f33858ff-31e3-42af-a935-0d129c95ffef,MX
75a52ea5-7405-46d2-bb05-8a73953acba7,MX
4c6d957a-1bcb-40a7-8bdb-4bc6d88da01b,MX
d9637b10-4798-465e-ae1f-12bfcc95f562,US
19b9a9e0-3e81-405b-a5ad-a051b2328626,CA
c7690bc3-2294-4d3c-a340-32da386f3f2c,CA
15026dc9-2d21-4233-a250-1cd4043dbd95,US
7221db0b-fa2b-49a5-8c0b-69be10c45fbb,US
e067766b-3fae-49fe-b2e2-30db99db90ac,MX
7bf49e06-27d3-4b79-bd4f-b6efac3725a3,US
6eeeda62-56cb-40bf-b6e6-36f407e930b6,US
5b8f9ecd-4e86-44a6-a97e-42f92b9e1d08,US
185926d9-2a0a-4c7d-958a-f3ada8dc3812,US
bb28c3e6-09cc-45ca-8009-e3d873a3b679,CA
98850f17-ef0a-45e7-9b9c-282a390db776,US
c97bf384-38cd-4aae-8c87-a9478d637eec,CA
01800b2b-874a-48e1-aee8-0d1c942b30d3,US
c2e7df65-817d-406b-a276-8c00f582fbb6,US
f3a0289d-6e72-41ae-93a5-87819c23a9f2,MX
9122eed5-d94b-45d3-944c-53a8444756e3,MX
70356e70-3023-4922-b311-46306c47b92b,MX
1aef9f13-8fc0-4caa-899e-7b075957e846,MX
84253b01-fb63-45fc-862d-0eeaf119770e,MX
960602e4-b9e8-4cf5-b40a-ef06bbe9b6be,MX
56cb336c-ad28-402c-9dd6-e39c9ce849cf,US
8f3cdd6c-adb8-4cdc-adc2-6705674fdcdf,US
77b0019b-c507-43bb-99d8-e1059c6948c8,MX
a1027f15-b35f-4135-a3b9-e1dc07228c38,CA
3bcefdc3-6340-4170-8908-ba26c92bc413,MX
fb61f355-bed6-4abc-a841-4334fad5b267,CA
3e19b629-c174-4805-bb37-558c20369b50,CA
7e63c2e1-f8d3-447b-b2d5-d1625ea7e8dd,US
924726c5-9791-410a-a56c-503460f8a31f,US
01c0a470-b4dd-4aa2-a95d-7f9d89a4682b,US
fcbbfed5-21ba-4777-8aff-32d663f30aee,MX
67b36612-ab3d-4b90-bbf1-9f9d9448292d,US
5e1bc683-ff29-4cf9-83b8-1fdc29936253,MX
31e3a007-f04b-4704-be1b-e196b2c2cfc7,US
3b23f4e0-925a-4680-bf24-082f4eef05c8,US
c621e81c-b76d-4881-93ec-b37f64ad6065,US
2fae7f96-7d79-48ba-96c6-0f45beaada75,CA
1885b10f-f287-4b0c-806b-d1f955c092c3,CA
85996ee8-5dd7-4a80-b934-3929519a5eb4,US
5e1f723a-0d5d-4d3b-9df6-d1f5bf86c197,MX
90d76f7c-4dbc-4c2f-9a09-ee40b12efeb3,US
84117ba3-09c0-4b06-aff0-d49d268b900a,CA
74c0d1a7-2d08-4282-8ae0-233f544e08f9,US
78e4dd6f-a6a3-4eae-a889-53b001ab089f,MX
35830114-b813-4c66-8d60-39c74ff2a662,US
7f515c21-ca28-486a-9d91-61cc847c021b,US
3943c9fa-dc3d-4253-ba42-755e171643a1,MX
65e25b51-a857-4127-9c49-ee92a0381a21,MX
157a0b52-aca8-4eec-bd77-b4cc07b090be,US
a78596de-0d74-4158-9444-34d339fc60df,US
6c820fd6-3b6f-4b6e-9fef-8088597e8916,MX
e5620380-1dda-4a56-b932-74eb33026d25,MX
670b9a2e-2107-4a73-abd7-7914344c10a1,MX
54a242ed-e2f2-4f7d-baca-28f4264222fc,CA
6a0dc677-fafe-4b9f-89ba-8df9a69edeeb,CA
87d884e9-3d48-445d-84bf-cf1d452244b8,US
ae86eec7-42d4-46ca-8a41-1e52fc892cef,CA
7572282f-b339-45a3-96b3-540ea278c208,CA
fb106cb0-3ee2-4c73-ae62-d2edb248cc13,US
bbea37c6-9b84-460b-937f-a0c12be3b45a,MX
20022c34-9a09-4212-9438-17eb17174767,US
7cde0f77-0b79-4d98-92a6-dc9a6917af57,CA
b8a4923d-a53b-4979-a529-1c45a062427d,US
6f638bb5-3c2a-43bd-8061-7d201b3947ab,CA
0672d5dc-9fe8-466a-b1b5-4a0ba79c3d98,CA
b7d577d7-3919-4292-a89e-cb8fd342bd2d,MX
98944dbe-56c3-4bd2-b205-1b7dcc8d7636,US
b2e243c6-a7e1-455d-b45f-9bf80d4c61c3,CA
ba63f499-91fc-4bac-ac10-0c034f94dcee,CA
cb8400f4-0628-497e-a5ee-b4e3734efcb7,MX
3a7e180c-e894-4eb3-8a2c-9afdb9cf12c8,MX
56781d43-0dee-4495-97f8-0fb7f784b4f5,US
2eba69f6-8e21-496d-88fb-cc8bdd748fbb,CA
60340cb6-d0a9-4db8-ad0f-242b7728239f,CA
cafb2ab3-fdaa-4eab-8566-4011a3aba13d,US
89f1a77d-0fb3-4531-afa6-bc67a7d27d2a,US
b9511a38-2471-411d-bca2-958b57481909,MX
113f5929-d583-48b5-be19-8c099669916e,MX
f918ffda-9faf-4141-b1f5-a4e9263336a5,US
9066c26d-1a05-4eb2-99bf-fe660c997ae3,US
01ab14a3-48bd-4d70-9a35-94ae9f131cfd,MX
eadc39f9-5f63-4dd2-8a28-bd5c5df31f5d,CA
881fce92-d088-4f80-806f-ef92353c7e53,US
b0efa101-f652-4f3f-bbf1-9e1870eec88f,CA
a84aaa21-14fd-4b7c-b4ff-7256cec5600d,CA
12c05e4e-d26e-48b1-b8de-682bf1825934,MX
93dd1c4b-021b-44c1-85e1-ca122b5388ee,MX
420cb782-4c51-48fa-a565-3eb98f66236f,MX
59e44a93-346b-4ee9-a462-cc237a88bae1,US
9fb97eab-d557-40c2-b8de-d1c8a81eb1a9,CA
1f1bf38d-1644-4ce4-9673-fc947d9ff6dc,MX
05e5f817-074f-4e35-8f64-b4387db2f5a2,CA
00bcaae7-3bbd-42e7-94a0-0945f77d2009,CA
39ed9af1-0592-429c-a0a6-23ce723206e1,US
a41b506f-044c-4858-8714-3c7c2e47c95e,MX
4b8116a3-38f4-412b-bdf5-c1b07288d086,CA
c34b9f15-ebd2-4c3e-a002-ad315a0a37a2,MX
71bddda8-8b5e-4aa6-bb79-8634cac98038,MX
49c31f47-671e-4e23-b3d0-c94ee57e8b6a,CA
d4192c08-b63f-458c-88ea-ff7eca45262b,MX
3a4f4272-2271-4ef9-9fac-d861849898fa,CA
f8f1f65a-bb2e-423a-8a76-adc7b143195a,MX
f86a9b1f-84ef-41fe-9598-6959ca2e2931,MX
baead729-33cc-456a-b90d-a2bb3e6d56a9,MX
6330bd18-0b2b-4df7-bf0d-93cb7e78d6d2,CA
de50d49b-057d-4d80-8274-028b5a530696,MX
280eede5-c07d-4caa-8636-4134d7199c18,MX
6f6fcc4a-e045-4eec-a064-10329e80a7c3,CA
0d508787-5182-4bfa-9bbd-56858646c6e8,MX
ef36a4b2-0f34-45f9-8d74-cbe0410faeed,CA
76872964-8472-4547-838a-90ccf7d3b88f,US
598905ee-3da7-4841-96b4-63cb207e8c2a,US
53023284-e18a-49e2-a583-ebce87fe9e2c,CA
3347a535-4f78-44f5-87f1-02a8ab66311b,US
4bbe80c8-afd8-4d5e-8581-36fadd435546,MX
534b8fd4-bd74-419b-aae6-ffc95e67f4f6,US
cef17bd9-ce52-4a7c-8d68-1b9d39f3bdda,CA
05fad599-0b76-436e-bb78-c7ac48d007c2,MX
c6e2ab40-956f-4718-a71e-85b0e11f6f7a,MX
073b6268-17d4-4f8a-9cae-21573d326bce,US
39931503-0131-4cd5-a0d8-0fc25f038d23,MX
6a4a4f46-39d9-4985-b5ba-3311233f4b79,US
ef62e185-aa64-4953-b0c1-50be2e7048ab,US
e29b5abf-fe89-4b55-8c05-9c1fe46ae6e4,CA
c93e6467-67f6-45a5-a025-d6afc4ca1b06,MX
56ffe3c0-4997-473a-b2af-6228a203a217,MX
20b98820-1532-4451-b552-17c6f9c4fc60,MX
9ee72a57-47a1-4a22-9f9b-cf16b9724d21,MX
94b34bf5-fed8-46e9-96f8-2670ab8d09ee,US
ac7466bc-9218-42ca-b713-5477d7d45c14,CA
c67c658c-1402-4dac-8e8f-9ea9d4fda521,MX
b30cb08e-8bc2-40c2-8956-10f6493bc4a8,US
1c9de042-fcf8-46a5-ac4d-23b9d2d3741d,US
9bbdbde2-d9d3-4290-8b18-c2de6c6f5a13,MX
fddf7359-a1c7-490b-b83d-8250dacd48dd,CA
c6bed2d4-5e2c-4167-9c44-12b45481d5da,MX
87ecd6d4-09f3-4a81-8ae9-28238fe7ec2e,MX
02bdc4eb-9c54-4360-922b-6dba8ea75188,CA
3174c8ad-b641-4001-9d3b-25cefee687d5,US
4a972c2b-a848-42b0-8365-e73cef4bfadb,MX
64def7de-3a6d-4d88-a670-c958b791cb40,CA
3e41e749-1f42-4990-b33e-97cc08be0f49,MX
7c6315f2-b31c-4308-892c-2faef26951ee,CA
ffdb4d68-e35f-4ecc-ab82-6e2c73d7b67d,CA
b711d22e-6573-42d5-a29c-ace84385f31c,CA
560e8a8a-8c07-4761-84a7-5d2b6fa64064,MX
2a301295-8e77-43ed-bd68-9aea188c1d65,MX
013ed453-72bc-40f0-abf8-728077f725f1,CA
f33129f6-a5e2-43d6-a8ef-5f86b2a7d2b2,US
77731b7f-8ac0-4687-9711-34c9b3fd3cbb,US
8727b4c0-0d97-4690-ab35-bd8d5894d6ab,CA
d1496f81-3904-4166-87ca-02b31f786c73,US
d42f38a1-84dd-4a94-b2a4-3425ba44c039,US
ef4e207e-0854-4062-b0db-f9cc512be293,MX
3121de14-0ccc-46c0-9746-a16fa6c199be,CA
878616f2-f490-4b50-89e1-1584141c7027,US
32ea828b-febc-4f15-9311-f0c9485cc717,US
774cb9b5-92d7-4147-9ac1-5d88032be960,MX
3f5eca4c-a6ea-4a20-91e6-f3df14e1da57,MX
9f9b63b9-8c46-4ec0-8c2f-98c8d23fd8fa,MX
d472c381-244f-4917-a81f-dd76a2be315d,US
7043a34e-f983-4b67-8586-7e4f49c68c1b,US
c7bb37aa-96b9-41bd-9c35-304b214b6df3,MX
da90a944-4c86-43b9-9110-3f027414190e,CA
22a8b07b-da7d-4145-9a71-91d617dec234,MX
4a271c27-0e67-4102-947f-07749b73632e,US
9f4a8999-7627-4a49-9692-1840518ddea8,US
472be9bd-003e-400a-801b-2d08a4bcfa98,MX
a1ae202c-a9e7-43a2-b408-b3a1f5d58351,US
239880dd-480a-4a81-bd6a-08cd960af0a4,CA
cac6b5bd-ef73-41da-a665-f99a1fe7eeec,MX
d9557816-f805-43f3-a9ca-363a3bb3a0df,US
778f60d0-45d8-4d3a-8c5d-1dfdca22d27e,US
30c5cb5f-0398-4da1-b983-d1252061dd67,CA
d55e76ef-a088-49f8-a256-fb3bfde68797,CA
c5140c1f-daa7-4aad-b45f-db3587f31542,MX
508b9a35-171b-44e0-9c55-c53559de3ccf,MX
33ef937e-9203-4c5d-9293-b99b98c5df60,MX
f336d369-3497-4f7d-a25b-0be74ceaa910,CA
cc87a3e4-b135-46cf-9822-90a115d5b9c8,CA
f5fafae8-a746-4043-972b-a69f526818dc,CA
d6eec94b-c388-4f2f-8e84-9a46b783e8e9,US
5c63fc2f-9412-4f3f-a451-13140b39e96c,US
a4974c64-3d20-4c42-880d-74924063f4f0,MX
07682ae9-b196-4373-909f-faa2153c280b,US
1eae6021-5656-48ca-acfe-bfe1e3e68200,MX
87be2a61-bfff-4ddb-99d8-f350ce43e7e6,MX
fcbe11f2-76d6-45d1-b86d-0f3a0f9b90e5,US
b247ce1a-69c6-4cbf-b53c-8cdc860e0e3d,US
bc68b149-2372-470a-9c73-e2a073f1bae9,CA
9d3d17ad-3c5e-44fe-b902-039f2403c54e,US
beea8703-7238-4947-8e6f-2f05b18eac73,MX
e3e225d6-9297-412b-837e-a28104af9b52,MX
13d0a336-5dae-4477-a7d5-ec2ec3d8f705,US
a0094982-bbee-4854-858c-c45e3fd878da,MX
bc924228-615e-4a79-b748-f71292f77285,CA
36f0c190-d3af-44e4-9406-bab339fd109d,US
78d34d5b-39c7-438b-988c-1656ed9c85e9,US
2d70093a-9f1c-404f-a152-e12845fc0d97,CA
c2feb00e-9143-436d-9358-3a41defd4d5e,MX
4d25066f-eb51-462a-8039-156022c10e21,MX
f4ea9a38-fae0-45f6-9d9f-d0be6c3fafc6,MX
9e75e060-59c3-47c6-90fb-2195400d1f5d,MX
4ad1e5db-ac26-4326-aa9a-955f5cf88bc5,US
ff444df7-932f-4012-9aa8-3525028772d3,US
5fe962e5-74f3-4faf-8fef-c84f38676b87,CA
c8ec7371-1497-4d39-8ce2-9a64a6ed84d3,US
fe9ab714-2395-465a-ad85-3d3902afe638,US
3622a967-36ac-40aa-a6e6-b1f6a6b38ba7,US
62e446da-11c0-44e6-9696-a3e13ce7848a,US
5f85f902-4841-49d8-ba51-086f85f2dacb,US
ce1feeb2-367b-45dc-ac89-bcc1497002c3,MX
8264f1c6-587e-48da-ad20-76a5551e1695,US
90e01639-9ad4-42cb-8a43-c6468cd67b74,MX
70d3c2c7-6aff-4490-957a-168d6216e70b,US
b6b65e74-c5db-4932-942c-662ce74f45af,CA
04e2e968-b0a9-48ef-a3cc-6baff94b1349,US
0906a04e-6c92-40b0-b396-82e1aa306179,MX
e6fdfd14-c315-4f15-9072-050859100753,MX
f5d30739-8aae-41d4-b840-c02cbae36b18,MX
0d6b8d10-b92b-4979-85d3-c2884bbb30a9,MX
a0c291d1-e8d1-4bac-ad4e-7fa9c85ce2aa,US
02cb5723-c85b-42b0-a91d-54fb23da797f,US
7d59f423-0a18-4be5-85bb-190389d22176,US
3bca1373-7d63-4e59-9d0a-b94877550277,CA
5b5fa428-a675-48c4-b655-f3338c3ed956,US
ff9bc746-2861-4cf9-afef-80da78c21dab,MX
e0686170-61fd-46e1-adda-14c2e30fdcea,US
b4cd710e-7aeb-4b86-9041-a41d010f202a,CA
aae8a150-3537-460c-9377-b121066979b0,CA
6bdc336c-b914-4afb-a841-aa767a56fc90,US
d8db7ace-f658-449f-8d03-b733eb13c123,CA
fdcde9ed-11db-4159-9ce4-1885e3f76f66,CA
fa82cc31-a4e2-4997-9bdb-ebaf61a77b72,CA
136cf31d-f503-41f6-82f4-fa28ca74b44f,US
e3b83434-9383-4445-b354-f6ad3d362251,MX
f0f8c7c6-ca15-4b94-9eb8-5c737c6748ec,US
3c26a9da-28e6-405b-8586-2cb2d1c3343f,US
af99db5e-af8a-4ba7-b6ee-a57d463bba8d,MX
0b4bf024-af9e-4fbc-86eb-0562854ceca6,MX
48aacae0-b0cd-4268-8334-fa939034c50d,US
05302ddd-b2ad-4386-a0db-9c95b6ab94a7,CA
5dc9254d-ca3d-4723-b235-8bcde3a92785,US
f9c4f763-a513-4e92-8ef9-7af478073255,CA
7b87c194-4ff7-4696-9065-5853e97a5d77,MX
bed73e1b-49a5-4221-906c-5e656f003539,US
15279107-13cf-4f7d-96bf-c540f3d893b1,MX
36d123b7-d00d-4526-bb92-40ab05c00c3d,US
df2ec702-c861-4c66-a184-e26b187a0899,CA
54738730-0b1e-43b0-a82b-9c70604776be,CA
effc148e-2345-4c55-af40-8bf27cb83dbb,MX
8b03d6bb-e02e-4216-8cd6-e4d33fb2a0ae,US
59bb5736-5db0-45e4-96f4-e83c510d6a76,MX
41336416-aff0-4bd1-bedb-9fdbf016eeda,MX
c149a180-7009-40d7-997d-4bde80c50b1e,US
255cb693-db2b-482f-aa8b-f5d08133cb15,MX
577dc761-6069-4cb3-b8a8-6994242a4a48,MX
2fb6a410-e709-4dc3-b26a-f7367c63b971,MX
83d5d04c-e038-4093-a11d-e5e20b757dec,CA
5de1ad31-741f-45f8-a68f-b096c673fe07,CA
651c2758-7908-43d6-8df6-affd798e6385,MX
f0b87f8c-9e78-4ad5-b515-f52dbe6a6906,MX
f8bb7a58-f9f6-4a43-b7f9-6935659c5434,CA
dda0c553-b4ac-4c68-be78-49b4d948611e,US
c00336f4-209f-405d-9e88-817f3a9508f1,MX
c98bc0ec-bf5a-422a-99f2-4ec4d31e4ba4,US
e35e11be-dee0-493f-afae-54c739321419,CA
d061d865-3387-4265-b39c-65399b74e8c9,US
301a264a-9276-42b7-8f79-c34f02011323,US
fc6a9b2b-2a43-43bd-91bf-de0b13594fe3,US
4bd5af63-e64f-4c44-ad6e-af1387a177b9,CA
1a21473f-c8f5-4f4a-8c8f-8e16d8d99161,US
5d282998-6370-4e7d-a8a8-134aaec4b582,US
5ab99c5f-c734-4fcb-b0d1-2789b9487865,MX
16129754-f9ed-4676-8aa1-fc3c6824fda3,MX
518e02c4-a3be-4e51-b7e7-78a5c304556e,US
a0361370-1381-4f1c-82ad-52aa10d10895,MX
98a48d11-6f0f-4fb8-926c-918f094be9dd,CA
802bab4d-356d-465a-8e97-7ca6a9eb5900,MX
3d9839c6-442c-46e8-887e-7bc3ab2484c1,CA
8fd0b4a2-5dfd-44ef-87f3-3905de23af5b,US
73f20e3c-a56a-4168-baf6-e895b42f1b42,US
482adfac-5810-4268-ab59-dfaca896b913,CA
bf233e87-7426-409f-b711-64de60edcd1b,US
ba1efcde-f513-4288-aeeb-08ed90df3604,US
8a04336a-4157-4124-b814-ab57a29c3c8b,MX
f2942cbc-435d-484f-aaaa-93e12839b6a3,MX
9cd68f02-92d3-4203-a428-8b31dacebedd,US
61972aea-a84d-487d-8c1b-da15a0344f9e,US
60b126c0-37d5-43f9-8df2-391c7a017f24,MX
fb711111-5ddf-49e7-817c-a4b520b0563a,CA
64d25adc-857e-4357-bf7e-4d27e13421b7,MX
de7b903a-ef88-49a4-bdb5-7c4a50fd2918,CA
990df6c1-df62-498f-9616-603aa563ce7e,MX
a8ac4b54-f1c9-4802-9494-cc4b88ed6036,MX
593f52bf-a915-435c-8a6d-bc4cd29f5843,MX
85df2dd9-f370-4afd-a1da-4803fa596c67,CA
b03464f1-04d4-43b4-8f8f-9617ab6c5804,MX
acf31f5f-2637-48c7-b3c7-5e47d2cc8c90,US
d0905f7b-bdfd-44b8-9d75-65f085ce6788,MX
f27c4207-87aa-4273-91d6-a5cffd3d6fc6,MX
53bbf3db-7f15-4e84-86b0-1f17fd9b1ace,CA
cd594d52-283e-4947-afc9-d185413c5ac4,US
2f739047-6739-456b-acd1-acb43e869060,MX
678cd276-b851-405b-99f7-bb188a8d3e65,CA
c3e1fde5-e76b-4558-bd81-9b5f5e91350d,US
973c8163-e382-4833-92a8-f00c2264e14e,US
b0bbe402-22ea-4838-bade-ddcc5dff8bdb,MX
4f11f0fe-cccf-41d8-8f6a-837a6933e2bd,CA
b86cca44-9fbf-42b7-b68f-d1b8d96eaf0c,CA
0c77b8a0-d10b-4e5b-b542-58373334fa15,US
d286c21e-9dc4-415b-ac81-7951ba56eebd,MX
0f55f2b9-062a-4ddb-af1e-94d07869a31b,US
5d48d262-7eeb-4099-bfd1-a82725ead1ab,MX
a1ae04b3-d118-4839-9985-4c33c10542ee,CA
03834528-51ce-43bd-9e9a-30acc771810a,CA
d89ebd00-f051-4a6b-8706-6ead5aa2cd70,CA
62f60631-96af-48e1-b5f8-25ab6efaaab6,CA
ef5b976b-321f-49e8-a2f6-c9b501f65c74,MX
4bc8cf23-19b9-4586-bfb5-19a824d29086,CA
7ae6e604-bdc1-4f77-8b6c-35fe8103727d,MX
e3f5471c-3e76-4b4f-8cca-351beef211a0,CA
42cda418-1c54-41c4-a802-7d24b7b8dc8b,MX
57ec9dc4-f8ef-4047-a49e-5e1a1026f4cb,US
0637f8a5-ce71-4bdb-8e94-1c12ad8e71e9,MX
8c88e2a2-8a72-4e44-820c-a9bde2d93708,US
f606dd81-ea65-44e0-92fd-cdaf839f7b9d,MX
9727f465-5792-4b83-b359-845c66bded27,US
852d10d4-54d4-467a-8d10-227f67811b0a,MX
832af4b8-c2a1-4d13-b3d0-de30f696c18c,CA
0dae9223-988d-409d-aa3b-f5d66abd4237,MX
7b9c920c-36d7-4e44-99a1-436ed54434ce,US
942bb1be-18cb-45f7-9ed3-d725c59ee188,MX
e5a736b7-696d-4bd0-b45e-6f6d9ada5d4d,MX
88a00a16-3bb1-408d-ad2e-17a82031f21c,MX
b830909e-151e-4e59-9a30-041d87e870a1,MX
29b23e9e-1ad4-499e-a341-50e4b66b228c,MX
e235b4df-4c60-4666-8a03-ca22dd28830f,CA
f6b56893-6668-4fdf-b360-967e48aca525,US
fe70bc5d-f537-4194-b32d-68ec99d55609,US
1eca5181-152d-4e61-8f5a-3a39e6fa6b42,MX
b220127f-b299-4202-86eb-c641a4a50762,MX
304e51b9-d735-44e7-9308-931d3eb680ba,CA
ea227d53-b47e-409d-8430-07e7b853cab5,MX
5e35a992-1af3-461b-9828-2366ec5b6f0d,MX
b5244672-9185-4bdb-abcf-bc1a1bdcfe0c,CA
6620e402-210b-4375-92db-53bdf888874d,CA
40de59ca-bade-4e2a-abe5-c4852962e99b,MX
dee1b55a-43e1-4100-8dfc-c462030483da,MX
b21cd374-d100-4042-8955-a2789ce7569a,US
367f8e11-76b0-49c7-b93c-4ce4b4f810fd,US
fc0e1d47-a00c-4e95-949e-ed56b6221e99,CA
40e0ba02-70d1-4afc-bd02-bd2ef609930e,US
4452c9d2-1c15-47ea-b8a3-0f7a3ad8bc5d,CA
edca71d2-a52b-4330-96b5-8ff0b6815a43,CA
cf02be5f-7a38-4468-b334-fa54611805d6,US
bb17d320-71cd-4c98-82e1-c41287ee7eac,MX
9b6b8bb2-b154-468c-a7e7-09b660e14030,CA
d3d741fc-48c7-4582-b657-de66e358c1e3,MX
303770aa-8034-4291-be4d-d6cd096f35f4,MX
33148cd8-ffeb-42ad-b9a0-3da76fde4b6c,MX
2c362151-977f-4bde-9303-8703e701c65a,MX
d71d2712-5bad-4139-aa7a-7f8a34b5b0b5,CA
82fbc2c5-6a54-40c6-97fa-88a4874849c9,MX
4c039ca1-16ce-43d1-8dd4-57ed4e20db05,US
406b4f10-af07-4a5e-b863-c87d3af2cc29,MX
acf31910-bcc3-492f-ba6e-01cd9d262998,CA
62c8c8e8-dce7-4a5d-83a7-9a20a49d3411,US
efd2e965-efe8-4315-b2b6-398a08a15b05,CA
8b8a18cc-829a-488e-93ce-efff60dbffca,MX
eddfd224-7aea-4172-aef2-a360a13d779c,MX
6974a25b-608f-47f7-8d4a-05969df0076d,CA
3bb83a8f-8466-4d39-a55b-2d41f884a24a,CA
f1df72f6-5010-4dea-b25b-aa461f9a28ff,US
21ade5df-dfcc-4558-ba42-1de1dbe6b5d6,US
87f0b310-478f-422b-bfeb-704665a4c26b,US
f3f9bad7-7721-47a7-9434-b172f8cdf888,MX
57c99132-5a63-4d04-a556-7b8bcc03cab6,US
d2b6305f-9f65-4ec1-bceb-e18d38eb52f6,MX
6106eee7-7a76-48ab-ab2e-d53b620d5286,CA
3059e95f-7fa5-4ea5-9c95-58da6437f37f,US
dd7ed32f-44dc-471b-a06b-754a79f16fb5,CA
a5a21e51-6233-49b8-ab3b-b5d51e5fe851,CA
9df525d6-82e0-4f77-8ecf-bfacf955a91b,MX
7c001cae-ccb6-4c8e-9200-8620239a9edc,MX
42b495a5-74d1-4413-b9aa-c2e2081d963b,US
2da0733f-b1e2-4839-900f-4390efde7496,US
2b5fe120-d83a-4d21-8b07-1a035e78dbd7,MX
afab7579-5537-484f-a572-e4d07c4ef208,US
0bd184d6-b8ef-4b80-9c65-24c6c6a0d7e8,US
2791eb5a-4197-4166-9dcd-30755b581cf0,MX
02c14dfa-250e-405e-8fe4-e8e11253bd3e,US
e69bacb8-9587-4472-835d-f86279a1565c,CA
6d178ae7-6582-4226-b27b-e70dbb90432c,MX
37a143ea-b040-4d18-a40f-2ee573115e6f,US
e6e65e62-d62d-4b95-a03e-5739a11204f9,MX
6ec7ab99-72c8-453c-8329-5f60d341a53c,CA
e212423e-d282-40f1-a30f-6bb3bf120b85,CA
08689612-2e68-4587-92fb-8d3619bd685f,MX
f3834660-6e02-44df-9a84-c0550c37b481,US
a2d0d053-ea51-49b9-ba70-8a66ddbd059a,CA
397e75ea-8f93-413d-816d-8e91d1343438,CA
85dbeb05-7aa7-4c0e-b533-dab33a589ea5,US
b44b149e-bd14-484b-b070-7f91b22db91f,CA
b003bebc-9e66-40ab-93a6-bc6a2eb31aeb,CA
75081a40-878c-4460-a1ed-37742cb6104e,MX
428006a9-9d28-4531-a240-09ceba9ebf2d,US
8cc9f5b5-85cd-4856-a427-2b723da80e56,MX
ef9492b4-0afa-4150-9420-c24ceef9d607,US
ae1441c4-9288-4d56-bb62-1417f171a128,CA
378ed586-c803-47f3-8f9a-fd46f2cb7de7,MX
6971bf22-5ce7-4862-b89e-b10716922a5d,US
ebcf1391-83fe-4255-b532-6dea0cf2bc27,MX
0ea7ef83-3abc-4125-8a18-f3503b2ff202,MX
ed410c65-38dc-40ed-8100-48ea1947b725,CA
46878485-76dc-4084-baec-000188c84f95,CA
4484f245-45ae-4063-b49b-02a0eee49f9b,MX
9b7a73ba-dd8f-4db3-a70c-8a39ba71d029,US
fdf8402e-edbe-4f24-b81b-f7c2a4ea6484,MX
8ead5fdd-cc1a-4adb-9e9e-7cf89d5d9222,US
d171c667-7662-4fea-91ec-09872a47f991,MX
70014064-4d5d-4e86-991e-1e868a4c989f,MX
9db84309-f487-4f13-ae92-fc4072dbfb27,MX
f85623c3-8aa8-4da1-8f7c-417f9ebf7d2e,CA
af815d18-b9a8-4fdb-9258-46843045de1d,CA
01f3f6b3-00af-4dae-8799-0ac777ff7d93,MX
c9b55709-0c28-4908-8548-cbdd433ecd55,CA
a0a7f90f-ebb2-4c11-bdd3-918f699aba1b,CA
11c8acfb-72b2-45b3-a12e-770ced919567,MX
046bdd20-db6b-47ab-a6e0-ef817f98a782,US
df20da2b-7cd9-404c-89b2-7cb10c69c014,CA
6f914844-b571-4862-b86a-37f5d5400a67,US
260326ad-8a67-43f6-917d-82529cee74cd,CA
602574ca-885f-4e59-8e86-460b057813f6,CA
6ddfe195-6691-411a-a4ce-29e0c69aac02,MX
5d1320c0-ffa6-4b37-836c-63fe0d9eebec,CA
5bf067f3-7d54-45d8-a211-f1fd26615a3b,US
a7f9dcf4-a7bd-4d1d-9af7-31e9ea91d15b,CA
7247bd33-f31c-4eec-94c8-5815a0a5238d,CA
55281851-5908-498b-aeab-6abba2126022,MX
666302c7-fea5-49a0-8a99-a21bea192170,MX
0e99fe42-7781-441b-b380-afa326007be5,MX
17275433-3aff-4d87-a978-63c08e23459f,US
a7784bd4-aeba-4433-827f-ad2fdebae913,MX
cfbfd72c-7f0f-4f1f-8179-f1104f14b4fd,MX
29c84b54-9fc6-4684-94eb-5dd3ab565067,US
cd2daf8b-d7c1-4563-9905-376116dc719c,MX
21403402-bdae-4a27-a75f-df9d0cc52ce6,US
805896ab-1f18-433b-8eb4-4c84d44fdb1d,MX
e56a7c47-ab36-43e0-93a6-69693778c7ae,US
4967d2ad-c22a-404c-942d-f7588bd45b58,US
22742fb1-436e-4016-86fe-28b1b754342b,US
c6b69339-3c21-4ef2-8096-71b57cdabbb7,CA
003b3d25-6769-46d4-a396-675685a95c47,CA
ce5cb8fe-92de-40d9-886d-2d5f25c47d8d,MX
4fb0f7db-afbe-42b1-be06-84f4f22318e0,CA
0b9bc433-3c25-4c19-85a9-036b16e498af,MX
7c756e17-fa9d-436d-9887-4a33ee1d02b5,US
8559699c-0e2b-4e00-a631-d2f647b61a66,MX
81d0a659-890d-4c87-a3c3-409b39a6007d,MX
fc341baf-f299-4fc5-94d7-2cb3603d8442,MX
51e9bbd9-4bf7-4c3b-af7f-1dcc6a827717,CA
1e20d307-04ad-4b19-9fd9-e3e30ce9ffc1,CA
27bc6fae-8b96-4591-a763-9d276e7e5d55,MX
1b3ec70c-0f60-4c35-afd6-075cb35b6c4a,US
8ef7f506-3fe9-4e66-aeb4-a23e7585d1df,US
a7d16afb-d59c-4c97-9507-7df6d9f02b82,US
a2898041-9877-4f05-bad9-9858ae8259da,CA
8587d2b9-6e36-4740-9fa7-168cc4681702,MX
dbbb0413-cde4-428d-8f64-a9427009df52,MX
02130717-187e-4dc4-b7ce-6721aa413eed,MX
51c0298e-b9e1-4a70-8be3-846b05be4310,MX
4fcfc299-b65e-4ad9-8b08-8633e5ddb573,CA
ab32a88f-f25c-45b5-90cf-a103334ab8cf,US
cee455f2-5af6-4643-bdcc-d74cb607b65a,US
34696da2-6f38-450b-b849-441d745b8147,US
41869e1f-4b38-45fa-84a5-a7fa89c181d5,US
f7a39502-8f8b-4c87-afbd-3935587ebdc9,MX
27b9b949-71c5-4296-aa84-5d7f10334349,MX
78291dbd-7779-40e0-a70a-b03807a97a75,US
15a96397-60c6-41e2-bfb4-a4c5539b669e,CA
188fe745-abaf-4f74-9e55-919d5d1caa7a,CA
851db3ee-e10a-47d5-ae78-c87ce22d35f7,CA
47085f97-7f6c-41f7-bc97-20a593129fae,CA
47cac416-7c54-433f-bfe6-ee8c6d8ac202,US
9d4aa3f3-ff7c-4e30-8f53-b75c446f8259,MX
439a1563-1172-49ec-bed5-55442b15b55d,US
7aa95a6e-523f-46e1-8640-950a50f741aa,MX
a6148c61-9058-445e-81fa-e3d53eb631df,CA
0e4102aa-4e47-4d7c-98b2-72a67f574917,US
3f8b95a5-6010-46d9-9073-71a74fb11815,MX
4452a8a7-e8d8-45c7-ba7f-656ea2670349,US
ebf4ec8b-80c0-4628-b024-502dc1220ddf,MX
41c9f228-885e-4dd0-8cb4-5b505ecba41b,MX
1b703862-7206-40ba-8f16-457bdc0d55b5,US
c91ad293-3590-44ec-9e75-e9f39c433895,US
bba69c4a-7af9-49b1-a86a-5e4b7d7ce773,CA
5f79208e-70fe-456f-9e3a-c720f5c4fdb6,US
cf17737f-2d75-4a6b-9c92-76e01a53cc52,MX
29a3782f-aa83-498c-9d5d-9088b7f7eb8f,CA
f98a0185-150d-48a6-93b1-de483be97e47,CA
36c43cff-5baa-4362-a5dd-ad10f690f0e1,CA
32996775-1ecb-4a67-be5e-b58c8c558870,MX
06b1d255-ebf9-434a-a5c5-68309968347c,CA
d50d9df0-63fd-4866-aae0-327b1fa96f89,US
63c06a9d-9b1d-45a8-9f32-a22cc94b984e,MX
77f027c2-40dd-46b7-8dc6-c199c980e5b5,US
c15a1bed-5f74-4e88-8a03-0093a6cffdca,MX
48fb5d95-4558-43da-9324-609bdc2a99fe,US
1c90624a-7b4d-4bca-b69c-46d6977cca70,US
108ab0f0-3444-4bae-9d93-bb7c574013a2,US
4af1ac61-dd07-4cb1-8200-daa9caadd806,US
7b72bba0-aab6-4322-a227-8d853f9dc90e,CA
30e6ddd5-50c0-4bb7-a5d0-73718b05b7cd,US
69495600-ab95-4d0b-8475-5118f49c58bc,MX
4211bbf2-c076-4b88-82c0-649b127edff4,MX
ad405ca5-c3a4-417a-82f4-756a923e9f63,MX
0d72b611-6244-444e-bc5e-0a26062dba13,MX
ff4c353f-5264-476c-bee3-7188bf5e7374,US
0db74aed-b559-4af4-8da4-574a3d4421a1,US
16742008-cf56-4aad-ba7d-0edcd1fd7100,US
accf3f27-ab2d-4ed3-b0bc-8414707da1f2,MX
482cbc70-6087-4ac3-8a04-90cd694cd30b,MX
87f356ee-2e8e-4700-8eb6-c0db4f25f519,US
04d2c751-4709-4291-91c7-1051403dbd11,CA
e16eafdf-51eb-4b45-af21-6e4dfe5d8e43,MX
e461961f-ed12-4bb5-9b46-2e2d9828fa3b,MX
401427d6-7ed2-41b4-a09f-040e753c52db,US
dd8c0263-32de-4016-8671-eb5837334ff4,US
5d331c10-963c-4545-877d-73a41c65ee9a,MX
fc341bd2-0eed-4a3a-af60-063243fc6569,US
266ffdc3-95f0-430b-9c4c-0138b08adf62,CA
aba7d091-3f50-4611-8446-ef90451a4589,US
e2e61d52-6d99-4c5f-898c-156e2f73e154,MX
21152d67-0bff-45cc-872a-ace00ad16fac,MX
3ac328d5-2571-44b5-aa15-eb13d8b295e1,CA
daeb50e0-8f10-4300-8f13-a7d5d221f6ee,MX
84aae835-daa6-418b-b735-b4931a785103,US
e87f281a-b23e-4f8e-95f4-9697fb023fc6,CA
f88ff0dd-fe13-453a-a864-2a903324ccf6,US
9a7f740c-20d1-4839-81a5-55312c2c8e10,MX
41e0bb7c-bc93-4c99-bd7b-eccaf5320aff,US
12c57a5d-8890-4951-bd17-015335ab0df5,CA
613ffbe9-f9b5-485a-885c-3ae06b1239dd,CA
c76d98ae-5a2e-4261-8b73-2a230d74d7e9,US
424754bc-8129-4216-93a1-f0f4b3de29c6,MX
0be63a7b-8ee8-49d4-9b13-edf575612f6b,MX
955abd49-6119-47aa-ac48-0ece92fc70e4,US
a8712f60-d8d8-46a1-b37a-ef33cfc98dda,MX
63695404-ef9d-4e7a-93cc-ddaa7b27d18c,MX
b300334a-f996-4714-abaf-5f9d30d7247f,CA
47862008-fe13-4a5a-8170-1822918fe6fc,US
69b32fd6-3065-4b8e-b7ed-efbd84ee609c,US
ff708393-9f7c-4f9a-a5be-cde86f00c483,CA
b1785ea5-c220-4e72-bbb1-d06051cd7c48,MX
a1a795ca-5e67-41d4-97d9-f6e469fb67a9,US
b575f287-d155-4f58-bbba-29abd6c3b6ea,CA
bacf258e-7bf3-4236-80ab-a8e564e23bca,MX
70089a0e-0cb7-449f-b984-511d27ca3df6,MX
f1c051a2-d221-4e65-ac94-a34a87fa1b21,MX
ccfca9a1-0509-4154-bf1f-1d708ba2b68f,US
e4cadcc4-9715-4c3d-8a33-aff1bd5b3e80,US
3073b3be-61f1-43b6-9be7-01b0ff0e3672,CA
14f6ac84-225e-4c2c-b6d7-db5051244c81,CA
29380609-5ef7-438e-80b4-6794362adb4e,MX
a7e5f69c-14a5-4d9d-9184-c4ff00fadf20,MX
f9ae7733-d7b6-490b-8dce-4a92b06121a6,US
c6d08b73-36c5-4757-8d51-df080ee4b0ab,CA
5f21f169-3d74-4700-8062-5651c2103b17,US
68445f21-a368-4453-b287-d6ea2dde65fb,US
f37d7039-5330-406c-a606-b8de9a26281d,CA
f9c9cc90-1550-4dc2-b041-9b6e869e515d,MX
78551d22-4885-46a3-8ed3-063a5dc1d39b,CA
b39186bd-0882-4900-b1b6-7bcdf0b55a2e,MX
e22b5f1f-1af2-496f-80c9-b3223c38211d,MX
892e1adb-c7a3-4801-a9b0-504807e6af2e,CA
c9464ba3-f181-4ddc-9118-5ce75cfef502,MX
cb355a2c-f272-470b-afc6-d567d15ae34c,MX
2de4b114-6367-4ba3-845b-83369d000d11,US
2260342a-6059-4c5a-a1e1-6030f1bd71a3,US
b160ccfd-4953-4a23-a177-c0ed16ae8da6,CA
4c389e2d-216b-4bc7-8597-880653e30081,MX
8aacdb19-75b5-49ce-9e2c-2444faed7d1c,MX
87e4d32e-a32f-43ad-a1ea-5494577dfaf5,MX
58fe6dbf-a100-4d74-8e62-f4b0f9bc74ff,CA
dd2e4a36-a9c8-4cb2-a56c-cfe81b8654e9,CA
5291d3f2-b057-48b5-bcac-ff124ef6922a,US
a133c5e5-1463-4154-8a7e-20c2f9e67c97,CA
8c071e07-8800-47a3-a343-277da5cefee1,MX
18073102-d506-48b2-823f-e1d226366a15,CA
8efec441-9f91-4e67-a9d8-ce93d4662e8f,US
d5a04750-830c-4284-b52a-1934d9f34757,MX
0b05d67a-f083-45d8-be60-6a2cee6a37bb,US
cfb1bbe9-0df4-4aeb-832d-64d60c2a3d8c,MX
346f9482-faf1-452b-9b7e-ec5f86ccf79e,MX
f82865f5-2d4a-4d61-981c-9b370ec8991f,CA
d29da537-55a3-4898-80d1-99a454378353,US
dcf18c4b-f704-48bc-9381-c93c9b91c706,US
a6a26607-00b0-4a8f-9f02-fdbbec2dd5a1,CA
b0ba4106-732b-43d1-9e81-5c898cd1010a,US
89c1543e-ec36-4c0c-9567-0f8b56f73f16,CA
7c056d23-eb7d-4202-adcc-d19850e36990,US
64ddecfc-c4e4-4182-aca9-158269a627ad,US
dcd34e28-d1f3-4207-ac55-a7074cfbfcc7,MX
0bc3b833-c5f0-4992-afeb-8e1446c7d723,CA
351083e9-b4c9-4604-a286-b8d8d86817e1,US
3989699b-8c25-49fd-9b09-e5aa4f086975,US
8d9804ed-8a1f-4169-937e-96bd3f531ec6,US
de79206f-2419-4db3-b7fb-57f474c00152,MX
5fcbe160-754d-4528-a985-4b37b61bad4d,CA
a5da8c7a-35bd-42bc-b3dc-5ef49cd238a4,MX
36528578-14b3-4a75-ad0b-e6e30d751fa3,US
2a5a1169-085a-4080-93bd-89611b87f40a,US
fea11ed4-c985-47f4-b82a-674be70b2d54,MX
ec2780b8-d517-472f-9453-5cfb106951d7,US
2f15f1e7-c98e-46ae-b2e3-720514ddf5c0,US
8f23755e-8dd4-4c0c-9fd1-9a67925b0df7,US
334fdd08-b951-4e07-a40f-6347dc2c5b73,CA
c37b9f6e-e61f-477c-8afa-d55b4f9b513b,MX
224d423d-2579-44f4-aef5-db758ba50947,MX
896cb5f9-1312-4a48-86be-5078cdbbabc4,CA
681ffa39-d223-461f-b771-46669901563c,MX
9c937728-0eb2-4d59-bfa6-5951ba75201b,MX
4264e0be-1703-4474-9893-01e28af2fe07,US
2f749423-4833-422d-b12d-221a57db3523,MX
b53f3006-8683-4212-911c-0c153ed64145,US
bfc3c41f-fcae-49e4-9e25-7ff913b1d99c,CA
226666d1-88d3-4375-a309-b37fbeb5ab5e,US
9cdc5450-6582-47e3-be84-93367e7d3f63,US
bc34cc2a-95eb-4a42-a105-62aeed2f9eaa,US
1d818061-fa48-4e15-973a-75f7276f3836,US
36473b1c-481b-4929-8aa8-0fee43575d3d,US
70b0a624-7511-47ba-88e2-db0d7b0b012c,US
747c6f50-01b9-47b0-849a-2f4f1ba7267d,US
2410697f-d47c-4a32-bf36-f6f54b7baa53,MX
828cefd3-57ba-4ca5-9f10-3a5ea55791ec,US
0ea9540d-01b6-437f-8616-dcfd8da1bbd3,MX
48c1320d-3f59-42e3-ada1-33c86566f939,MX
8ce92f0f-0109-4b19-99ce-1c7d526fde3d,US
867e4175-7de7-43aa-ba9b-ea78068695e4,MX
a47ad935-ca7f-4138-9efd-d1a1560b1491,MX
73329b98-3e7c-4253-ac9c-2cde3675de68,MX
cff731b6-e966-4709-8996-8589b0ddd940,US
fe5ea5e1-66a7-4ebc-9cbb-05b8d45bcb43,CA
e13fb1a5-1124-43f4-8852-ca764b8313b9,CA
b61c9589-bf73-444a-9719-3f1f3558e060,CA
8ba31d76-79c6-460d-be4d-fb2c8bc94e26,CA
93afa85e-910f-4f4c-8665-73b0ea7f9188,US
0f28d7bf-eeb1-4f9d-9611-a5bef5079e98,US
4b72caf9-4fa3-4174-8a16-735ebe4067af,MX
1bf765c8-2e97-4911-8552-22204c289fce,US
d08842a2-d89c-4148-9c02-25b849f0862e,MX
e7123104-0cb6-4f83-95a8-c665814d9e55,CA
aae40607-6b1f-4c0d-b498-a7893cb4d399,CA
bd7b8f82-7d41-4870-b352-29a10c6631d5,CA
03e0496e-2f2d-413b-84af-a93ac0ba5eed,US
3c58645d-37b9-4a35-8362-8ef27de621ef,CA
b0360464-630b-4df1-ada1-35921b9007c8,US
59ba13b7-453a-433d-98ec-a56e73bdb311,CA
dfc0182e-9f8c-49ae-a886-8a9c013ed496,MX
90b767d5-695d-43e1-bcdc-725e26e97885,US
56e6c2b4-61c7-4a7e-bab8-9f0aa5c0c2d4,MX
665f9818-3d56-49e7-9140-0a17666631e2,MX
f3c40a02-7980-44dc-8546-80def1071d7e,MX
759bbba9-6e68-4634-8e58-476fdd45ca16,CA
87b73148-daeb-45f4-add0-b4668a80c86a,MX
d84835fa-0257-445e-a76f-d56d860227c2,MX
b40b6668-3277-4716-bfcd-d7def0be9b5d,CA
66f18129-dc60-4691-bdd4-522125ad5cd4,US
c98bfaf3-34f6-4c73-95ad-20fa0bec9552,US
0004252f-6273-40ee-bcd8-f79c8a829e3e,CA
bf60b41e-5921-43ed-a4d0-3a003cc53e3f,US
98ef8e64-2c21-4f76-b8cf-2bf7f7a01abb,MX
96294ea6-2a11-4f19-b2af-8cdc9d05edb0,MX
73927972-c258-4eee-985d-91219e5e75f9,MX
28b59bd3-bcf3-4371-8775-06df73df2db8,MX
acc186f8-e2f1-4984-9680-0b62698403ea,CA
0b6fe8b8-29fd-491c-91a9-01a1301e7f49,MX
7320f718-dc45-4551-be41-7c4dfa3e912d,MX
4a328f25-eaf7-4f73-bbbd-9aaa13105c94,MX
1ef47049-ab47-4c91-a3cd-f29a435592c0,MX
90f4c55d-3219-40fb-920a-5ca43a6c1dec,CA
49043168-82db-46d7-8f3a-e9c368d7dc8b,MX
55e6771a-de9c-4aaf-9281-ad8675d993ab,CA
1223ec9e-219e-4c8d-a929-f3de54178758,US
bf420bd6-4772-4882-ad7b-5c15a06b770f,MX
bc7728ee-594d-4409-849e-2cd60b4459fa,CA
478588f2-083f-4753-9355-4863878c7514,US
fcb5cb62-422d-4adc-b980-c329ed865164,US
442ad5df-f21b-41d9-95c8-1785182566e6,MX
7aab70a2-71c6-4ef8-bca1-e63f1c1ad230,CA
de3c6493-3297-4466-bf5b-da081e9d4603,US
9cb488b3-c493-4710-97b0-5f5c300477bb,US
7b76118d-8683-49f2-802c-494a62d731ab,MX
c640b166-2cc9-413b-bdb5-6d9e7ac44c54,MX
8b899ed5-0bf0-49cf-8e4b-ab2f4241c45d,US
31554a3e-753a-4afd-9e88-529ce9e9d7e2,US
3197ffae-64ce-44f8-bb37-6259bac900bc,CA
be52f5dc-671f-4915-ba13-53d279e6777b,CA
b4107574-1c84-4f96-abee-71d0e2db3ea9,US
7db91dd0-852f-4728-8541-a8b67c3fdc43,US
06ec4a3c-d903-42e9-9017-007874bfc8b1,CA
95f70721-8d05-4de3-8e12-f328ed8ac730,CA
e42c712e-960c-4140-aa31-e8c6c734e8a4,MX
8c2c9c03-08e4-4b51-8352-b4cf219f647a,CA
27d586e5-b721-413e-b7e5-0277d4a3f4cc,MX
864be6bd-14ef-429a-966d-88c38a733300,MX
3400890d-8c66-4ab5-91f1-fd51bb9a54d1,CA
8cd668bb-abdf-4859-82db-88a9a09b2e30,CA
adeee55d-cbbf-4a4c-8ba4-e2ef2469ae7e,US
ee0ded5d-1810-4d5b-9c8c-68a1c10524e8,US
63696d4c-ba70-4e13-af8c-7ffa18d12162,MX
0b141376-e680-4e73-9b7f-d076e9ca71a5,US
2f513e70-f5ed-41ef-9b03-f2fc52c44078,US
83ab2b94-4e35-4b90-839e-148ce77b09e2,MX
256abc3b-fe11-4b2c-81b4-7e30175b0848,US
dbe97c14-4f92-4b5c-bfe1-f8f5e9d0ffa7,US
b249c346-869f-469a-98fc-555690802cfb,CA
6a6218cc-40c7-476f-a94b-1a36cddfa046,CA
92d64009-9e5f-472e-ba3d-afd369d2bc89,US
fb7e4612-f818-46c3-91cb-eeae087f23de,CA
d65ddccd-61f8-4481-a062-394207e2c3dc,MX
0286fd5b-f7d2-4079-9275-9143f708786e,US
2089319b-aa9e-44e5-a13a-8b736d9eb4f1,US
f5f05449-d13b-481e-8c8d-389b4cfc7c59,MX
d25dfdbd-3762-457d-8fcb-160739ea118d,MX
9310faaa-2199-44f8-83b4-c1b97dfde66b,US
3160d4b6-77d7-42f3-b69e-79ea0a337b42,MX
3218bbe8-39ac-4adb-85e4-0462e5535897,US
0a090a6d-4011-4649-9a3e-5c27430869a1,US
c62a4c39-fafd-4d08-937c-95ac428b97c6,CA
c6bcd29b-5c5f-47d5-9a56-65d2a29e3fd2,MX
3fd89620-dad0-4e45-b2b0-eb3f12718190,MX
19b01182-9ec0-4099-bfab-59e4a0af14ec,MX
3c898ae5-cbfd-4beb-a992-ce232a98ce1a,CA
e1f25690-f5ec-4402-9580-5e2c06ad89d9,CA
d488d25d-9c55-4728-8cbb-173bc1df9e28,CA
0d923e82-4926-4a38-aa77-11c78e66e1b0,US
755844e5-6809-4c9b-98a2-dd5ca42553d3,MX
232c40a5-bf11-419f-b27a-95648aaa8cbd,MX
da9f460e-0ce3-486d-a686-171f0793de66,MX
21141fcc-051e-4b02-aebd-1302fed47777,MX
1f8b3366-7443-4591-8297-7a1328afe9c2,CA
3a66e599-ac10-4904-9310-019c4bd0c601,MX
39b91596-f394-4016-bd5e-6abcafe045d1,MX
ab55b823-cbf0-4d66-bedd-819757786a25,MX
7fdaee34-4c68-4ddb-ba00-5e17a0307597,CA
861c5e4b-4b5c-4160-912f-eebaa7d0924c,MX
78374417-24a4-4ba5-9447-73d0c06df687,MX
6a6548eb-058d-44b4-8655-c2cfbc9a85c7,CA
06264bfe-01f6-44af-9dca-dfb0054e9294,US
39ac2455-e45f-4648-bc30-9e1e5aeab02f,MX
56778d75-5982-43c9-a2bf-c911dbc10539,CA
70e32d6f-3aad-42d5-8fdc-6eb334fe5d0a,US
620c154c-15df-4457-afa9-89243ab10b16,CA
3d68bdc0-d41d-4344-bd4c-4110e2d223bc,MX
4f2483ea-dbc1-4569-9562-95f87e34cea1,CA
9427bd2d-9737-4e6c-9d0f-9e9a5a5ca720,MX
09127a20-a1cf-4790-a207-dc5b98d4aa59,MX
53c673b4-e553-48e0-916e-b8313abe2b73,MX
2734fc9e-94db-4e1d-893e-3c0818ada55b,MX
e6fbd6a9-b140-4e65-bbee-841e91e71a3a,US
ca05c359-0760-4eb4-8890-a8894f4dd3f2,US
86c702ea-a643-4cc4-b47b-a83bd58ac39a,US
9548ba28-7349-4220-9bad-9029471c7589,US
b31f64da-7789-47c0-8f0d-7a2a330ac28c,MX
8e342970-e932-417a-a5fc-cea59ac59899,US
eab8e841-8b3c-4db8-a811-0406d0d01938,MX
55f0ec62-253d-4c33-9f2d-9bb9f31462aa,CA
8bbeac67-ac34-4b45-b9cd-a9e2da802d22,US
4f3756fb-9ad8-48b7-bb4c-7da925686192,CA
390d15d3-9eac-4695-bd70-3e2dae6023f4,MX
e300e6c8-77b7-46e2-a76a-a34263a0f666,CA
0321c458-f0aa-468f-8715-6465ed4ea28b,US
e9b71e6c-1eca-40d8-97a3-8c608c930305,MX
cef3afa3-9114-4b77-b929-108b3a511d53,CA
2123544c-030e-4bb7-b4c5-6e5dd592c5bd,MX
a699a814-13cb-466e-b590-6c15a1ff13ac,MX
b375af72-b8b5-483d-8799-b4fe2bb6bf7f,US
23eccf06-3d32-4cd7-bdb2-3792a8ec16a7,MX
34cf00ca-d970-438b-8c2b-27e20d7a4a34,MX
245e9dbd-09ef-4944-8b20-5231faa5ac64,MX
4801483a-bf6c-4132-ac4b-a5f3b30358ad,US
06ff3a91-4833-4f32-8814-63a44eccbada,US
88d00157-7e88-498e-98c9-5c8579317e43,CA
86f056ba-009f-413d-8c9f-eea0119ce37a,US
88657bdd-4ff9-4550-95a7-cf12c07910b9,MX
a4b8e441-25be-43b4-9e0b-61a5d89b2be1,US
f1d9b0ac-19a7-4fb4-bd7a-4d14bf204554,US
e1d26f25-5380-4f66-afa8-48bdb9ac1fec,US
ac22df91-d872-4a34-8a6e-1c616fa00c09,CA
1738bdff-6820-4399-8c11-dbcfca407d34,US
238e80f4-d2c6-478e-bd13-e5a1687cb707,CA
1f5ce902-5eba-4219-b4bc-ebbbb77687e5,US
c5273f8d-260d-491d-87d2-4854af5b0adb,US
a6bf13f4-a281-463c-b03b-ab0460ae1d41,CA
f782e6eb-5f14-4fcc-ab52-1225279cbcc1,CA
92aad7c7-1929-45a6-ba7b-6a8d5e5d9d82,CA
f9b803d4-63d9-49a4-8581-d0268e0c8f39,US
23401559-40bd-48e0-9c45-fa506a5fa07a,CA
3063c3ab-bf5b-4596-842c-40b29a788e64,CA
1536306f-c284-4a72-8e99-dd2910161db3,US
0c2dbda3-4d78-4b3a-ad76-55853513e744,US
9f586a7a-7e39-4de6-b404-23c2a075b53c,MX
2ac584ae-f4ea-4b54-846e-0c028368a29b,US
5943ce93-bb7c-4bc2-bf3b-b52fb306a973,MX
1f02d176-d1f2-467d-80c5-e43bc7d30957,MX
87c71558-49fa-438c-a2c1-6ec177b689f2,US
b67a6e84-946d-463c-aa2f-4c8e0dbd47e7,US
5a07f5ef-b2a2-4ea6-93a1-51fd3c039341,US
0af4f4ee-86f0-4b05-a2a4-bd04518cd1e8,MX
88814040-bdec-4d59-931a-9556f5c52755,MX
58a5fbdf-e949-4430-bb98-48f8fcc4ff9b,MX
d32554ff-cac9-4590-80b2-87487c9081c4,US
e4dfb688-4804-4606-a111-f54583ed2826,US
60a93d92-0f01-4e0c-98c6-ef19e551e888,CA
c018b214-e082-449b-bb66-35d6bc363fb2,CA
a192af21-8515-4f7b-a02a-b1cc95a56462,CA
e375ce8f-e2e5-4f30-9911-8bd25e503259,CA
47f4a684-60aa-4d11-877d-ddf64817efb1,MX
159389f6-ab65-46a6-97ab-17d3dd2131de,MX
70c11eae-fb87-4756-b050-efc830afcab2,MX
d4c3eb61-3443-470b-8447-6271733926dd,US
725071cc-0130-4be6-9d70-2942e5c5af77,CA
8bcf11ff-beee-41a1-b89f-8a9dd6cf38ab,MX
f69d06be-da19-4717-b134-e2257938d823,MX
8c2bce94-158d-426f-b098-2aa6995b6b1b,CA
87628449-0bc9-43fb-85d0-da1e00bb4b35,MX
41f7640a-b1e0-46fc-8c58-b09d87ae11b5,MX
0638bb4d-f289-46e7-bb55-d7f1c9a26bbe,US
63b6f1a6-1204-4f12-abbb-19774e784958,US
8261bb3a-5b6c-4db9-81a0-b8b0bc458e1f,US
696d3781-822e-4aec-8e14-b76662a6ac81,US
fea6d4af-09b9-4e77-a93e-5c665e36b1cb,CA
0c334701-28ba-4da3-8d78-0e738d2dac1f,MX
c0ec376a-91f6-4fb6-8e4e-c839154589ad,US
55f98072-4461-4061-9a53-30410e9bf161,MX
909b6531-6a44-4355-85ce-6fa156e1ff1f,MX
da8dfc98-f282-4581-bb61-1b8d24caecc6,MX
b208a79a-6431-4144-b822-baae2bd24959,MX
d80ab4d9-d537-440f-8001-a151021c8f10,US
3493447c-ffd0-4807-bc7e-8e203355fb6f,MX
7d650d1c-8725-4cfb-92cc-791766368b8b,US
6dd8341b-818b-4c93-a0f0-90102113a838,US
e4e6fbe0-800b-423d-8854-73729dbc48a8,CA
3a48956a-7d9f-4665-87b0-874e93149dc2,MX
a78aac67-beb2-40e0-bbca-f08f52bc5310,MX
23041417-50fa-4c1f-b41e-eb7ee639f684,MX
dc86139c-142a-408a-be60-48fa14e0169e,MX
63404f70-4e47-4d5e-81ce-06003739231a,CA
b6987977-cc26-40e8-9b5f-30ddc6254ca9,US
414144d0-821b-45d2-be2a-d3d1ddfe6cec,MX
9b741dad-27ff-4ccc-b778-54496a5a4f0f,US
95a54520-562f-4085-9de9-cdc7cda52d16,US
d2a79959-ea75-405e-9397-d94d2a629e30,MX
df7fe9b1-93fe-4b15-bc35-3f37b083c28e,MX
54f0ddaa-9682-473f-8e54-f8f4e8e0f03d,MX
959d553f-584c-4591-bda1-7fd11f9323ce,US
747a369a-7b6b-4452-a936-3dbe5ccf6487,CA
aa653c5e-269c-4ed5-98c0-7bcf7a3dbb62,CA
9e899838-18eb-4abe-9f0f-4780cbdf8ade,MX
0263e004-f0be-45b5-8aec-8924cbdda845,US
2190f710-4f96-4560-87d5-122e78d7e365,US
30f3271e-145b-4d05-9418-412fc7258941,MX
e075bf9e-41b5-4f34-9d3c-2df042b4d300,US
16bb96fc-cf31-49dc-923c-b4f0aeff8b7e,US
ffe8d9c7-2bdc-4d86-8ec6-ae65be2c0c66,MX
ba5796e4-8714-4cd8-9bb1-05b23e475bbf,MX
a8a31e58-5f30-4806-b8be-66f66e8f9ac1,CA
a5663628-fbd2-46fd-b248-8a7dfa81e30c,CA
bf74d0f1-67bc-4dcf-9d93-2c39b7df9566,US
5cb36ca1-ded2-45be-a3a2-e398182b6af1,MX
dfa6ce3f-0532-4ff9-be7a-6f9432bfd50a,MX
0a73101b-824a-4b77-a3d1-3bb5a68681cc,US
d6605251-a7d5-47b6-83d2-ea133dd23325,MX
71191a85-2c34-4c44-8538-75ab6f53736f,MX
cf065384-8f11-4efd-9a56-d721d6d59ecc,US
5b90360c-0083-47d3-9785-857f487c8d5f,MX
50c5ca43-4919-4a7b-85c5-6fd371137922,CA
83f41ff0-24f0-4e0e-984e-53f5b6faad10,US
ad73b19e-75d3-4248-affc-26c0d9369946,MX
f2f21bfe-e29b-4cba-bf68-f98ffe2fa362,CA
1d41e75a-6aa6-42ab-a742-74a3d74a30c3,US
7a9b172c-9ec9-40ef-94f7-0a6c3968f966,CA
947c13ab-f1ec-47c3-8b57-72e0c01dc63f,CA
ef3b2ce5-91ab-41aa-9643-07f122675feb,MX
02f36432-ef28-4e93-88a4-f29605a0512a,MX
77f45259-8ca3-4897-b1bf-de45af69ba25,US
e0faa18d-bcf2-4ebd-944e-8419e5572134,CA
f4efc89a-8bf3-4de3-9818-3f3006a0d159,US
15f79bf7-bf96-465a-b597-71f048229fc5,MX
a4caad4b-8005-4509-b413-8b402f81b731,US
8d5da5d0-bf41-4970-ba5e-a7f05ac5098a,MX
a117b0f1-0cd3-43dd-ac03-3c054c04c182,CA
c8a65968-b582-4941-ab6c-6924fd73d9e6,US
ab2cf9c1-a2b1-4427-892f-e798f9961d99,CA
81408565-84ca-4591-a66c-642eb8e23108,MX
84af8abf-6a4a-4a16-af66-05a91ac6c641,MX
0899e026-4de1-48a9-bd14-eab6844a901a,US
20b58196-147b-4c15-aaec-920db43fe436,CA
be422c0d-3b1e-440d-a138-ce099747e503,CA
d30f3b30-e95a-48f7-b8ba-925b582c3161,MX
e2d75a26-812b-4331-9485-4eb0be53079a,CA
888a7ad0-bbbe-4179-8adc-89a980c6d9b0,MX
6e1b390a-a319-4bb4-95af-e846dc0120ca,US
3f59d8fa-cde0-4d30-af3c-7eee45fda973,MX
08d645c4-e6cf-44b0-b476-af4b256f9e3e,MX
430d9f62-40e2-4a01-9ce6-5df692056c54,CA
d08c1eea-679e-401e-a8d4-9ebc2b643df1,MX
4cb9740e-a0d1-4f7d-9c99-40c53f306c6c,MX
39cd0e16-95a3-4c0d-a824-41e2e7b78c4f,CA
70a31f84-3aeb-450f-be0b-c29d2abff849,CA
13e11a3b-8381-4f92-9bdd-9d702697575f,CA
799a632f-9172-4c3d-96fe-5a83d0ea4542,MX
399e9599-eefb-4dc7-8afb-fd61e092b2f8,CA
517be25e-bf92-466d-9c09-db8285b98259,US
1a9351f7-33d5-4640-b8fd-7e0695667c27,US
273e34a4-c26f-46ff-a039-745c3d5d8388,US
b6c901a4-f6a5-44d9-94e1-a995c53e8c93,CA
cb130ce1-898e-433d-83fd-86f7b6763f1c,CA
e3aad589-a718-4c9b-a7d8-1fd4287a6810,MX
38fb10aa-a981-46a9-bdca-dae772fb60b4,MX
c34939dc-de64-439b-8792-3c06284f8cbd,MX
a60f5278-151e-45cb-a91c-8baefcd4dcb5,US
a93bfb2a-dded-4e3e-b851-1dc66adf67a6,MX
50f482d2-fae1-4bb4-853f-442bf1073441,CA
cc0ac59f-590a-4bf4-836e-754120fc90de,US
399327d5-87eb-4e21-9617-44470a40876f,MX
8af1abc9-9e1c-4efd-b2e6-a52bf353e31a,CA
6009c2f2-db08-4a3e-969f-ffe4e3f4e413,MX
5fa1beba-f10c-42f5-86c5-af223c3af2fb,CA
9c0e4d9b-d2c7-46d2-9f04-607368754986,MX
6d588972-4128-4a93-93ea-8290cb819d2f,US
e6d7408b-517e-48a3-ad15-8dae6b8bbbf1,US
c84ed3cb-ab77-4a51-959a-57115e0f35d4,MX
0939e6fb-6a4b-4d1c-a84a-2c63faf83856,US
6b697527-5f1e-49b9-9625-54f31c3e488c,US
